IDs,"metNames",chebi,kegg,mean,max,min,concs
YMDB00002,"L-Glutamine",CHEBI:18050,C00064,11546.6666666667,19111,2000,17140 +/- 1971 uM; 2500 +/- 500 uM; 15000 +/- 0 uM
YMDB00008,"Trehalose",CHEBI:16551,C01083,24290,33812,14768,24290 +/- 9522 uM
YMDB00011,"D-Fructose 2,6-bisphosphate",CHEBI:28602,C00665,942.5,1900,359,1200 +/- 200 uM; 360 +/- 1 uM; 510 +/- 20 uM; 1700 +/- 200 uM
YMDB00016,"Glycine",CHEBI:15428,C00037,4904.08333333333,15000,493,3279 +/- 65 uM; 1093 +/- 22 uM; 2869 +/- 57 uM; 1366 +/- 27 uM; 3142 +/- 63 uM; 7241 +/- 145 uM; 3006 +/- 60 uM; 4782 +/- 96 uM; 1291 +/- 65 uM; 780 +/- 287 uM; 15000 +/- 0 uM; 15000 +/- 0 uM
YMDB00020,"Sodium",CHEBI:29101,C01330,1740,1977,1503,1740 +/- 237 uM; 1740 +/- 0 uM
YMDB00022,"Acetaldehyde",CHEBI:15343,C00084,9080,9080,9080,9080 +/- 0 uM
YMDB00023,"3&#39;,5&#39;-cyclic AMP",CHEBI:17489,C00575,1.35616666666667,6,0.025,0.04 +/- 0.0 uM; 0.0285 +/- 0.0035 uM; 4 +/- 2 uM
YMDB00035,"L-methionine (R)-S-oxide",CHEBI:49032,C15653,93,98,88,93 +/- 5 uM
YMDB00037,"Pyridoxine",CHEBI:16709,C00314,3,3,3,3 +/- 0 uM; 3 +/- 0 uM
YMDB00038,"L-Isoleucine",CHEBI:17191,C00407,1605.5,6300,153,938 +/- 19 uM; 156 +/- 3 uM; 235 +/- 5 uM; 156 +/- 3 uM; 626 +/- 12 uM; 4535 +/- 91 uM; 1173 +/- 23 uM; 6177 +/- 123 uM; 1359 +/- 68 uM; 700 +/- 67 uM
YMDB00056,"Acetic acid",CHEBI:15366,C00033,22137.5,35000,2000,25775 +/- 1289 uM; 18500 +/- 16500 uM
YMDB00057,"Oxidized glutathione",CHEBI:17858,C00127,94,98,90,94 +/- 4 uM
YMDB00058,"Adenosine",CHEBI:16335,C00212,307,322,292,307 +/- 15 uM
YMDB00060,"Citrulline",CHEBI:16349,C00327,3500,5000,2000,5000 +/- 0 uM; 2000 +/- 0 uM
YMDB00073,"Glycerol 3-phosphate",CHEBI:15978,C00093,0,0,0,0.0 +/- 0.0 uM
YMDB00078,"Fructose 6-phosphate",CHEBI:15946,C00085,270.8,680,60,400 +/- 30 uM; 650 +/- 30 uM; 94 +/- 13 uM; 90 +/- 30 uM; 120 +/- 50 uM
YMDB00086,"Citric acid",CHEBI:30769,C00158,3887.14285714286,23000,200,2400 +/- 100 uM; 13500 +/- 9500 uM; 700 +/- 0 uM; 5200 +/- 500 uM; 210 +/- 10 uM; 1500 +/- 400 uM; 3700 +/- 700 uM
YMDB00097,"Adenosine monophosphate",CHEBI:16027,C00020,266.875,900,80,200 +/- 20 uM; 600 +/- 300 uM; 250 +/- 170 uM; 235 +/- 65 uM; 190 +/- 20 uM; 140 +/- 50 uM; 200 +/- 90 uM; 320 +/- 50 uM
YMDB00108,"Fructose 1,6-bisphosphate",CHEBI:16905,,1597.5,7000,20,90 +/- 70 uM; 3800 +/- 3200 uM; 50 +/- 0 uM; 3500 +/- 1000 uM; 1700 +/- 10 uM; 410 +/- 70 uM; 530 +/- 130 uM; 2700 +/- 600 uM
YMDB00109,"Adenosine triphosphate",CHEBI:15422,C00002,1928.57142857143,4400,900,2800 +/- 320 uM; 2650 +/- 1750 uM; 1250 +/- 150 uM; 1900 +/- 100 uM; 1800 +/- 100 uM; 1600 +/- 300 uM; 1500 +/- 200 uM
YMDB00110,"NAD",CHEBI:15846,C00003,1125,1600,800,950 +/- 150 uM; 1300 +/- 300 uM
YMDB00112,"L-Serine",CHEBI:17115,C00065,2412.4,5873,287,3123 +/- 62 uM; 1073 +/- 21 uM; 488 +/- 10 uM; 293 +/- 6 uM; 1952 +/- 39 uM; 5758 +/- 115 uM; 2147 +/- 43 uM; 5172 +/- 104 uM; 1828 +/- 91 uM; 2290 +/- 577 uM
YMDB00115,"D-Glyceraldehyde 3-phosphate",CHEBI:29052,C00118,73,113,42,46 +/- 4 uM; 100 +/- 13 uM
YMDB00126,"L-Tryptophan",CHEBI:16828,C00078,345.5,474,170,451 +/- 23 uM; 240 +/- 70 uM
YMDB00127,"Uridine",CHEBI:16704,C00299,553,614,492,553 +/- 61 uM
YMDB00132,"Putrescine",CHEBI:17148,C00134,74,78,70,74 +/- 4 uM
YMDB00143,"NADH",CHEBI:16908,C00004,461.25,1800,70,70 +/- 0 uM; 250 +/- 0 uM; 500 +/- 0 uM; 1025 +/- 775 uM
YMDB00152,"L-Valine",CHEBI:16414,C00183,1872.6,4274,515,2276 +/- 46 uM; 1839 +/- 37 uM; 788 +/- 16 uM; 876 +/- 18 uM; 525 +/- 10 uM; 2802 +/- 56 uM; 1226 +/- 24 uM; 2014 +/- 40 uM; 2770 +/- 139 uM; 3610 +/- 664 uM
YMDB00153,"Oxoglutaric acid",CHEBI:30915,C00026,2236.66666666667,6000,10,410 +/- 195 uM; 5500 +/- 500 uM; 1300 +/- 0 uM; 10 +/- 0 uM; 2500 +/- 2300 uM; 5000 +/- 200 uM; 210 +/- 10 uM; 1500 +/- 400 uM; 3700 +/- 700 uM
YMDB00154,"L-Alanine",CHEBI:16977,C00041,12647.9166666667,25000,6087,15426 +/- 308 uM; 18995 +/- 380 uM; 7253 +/- 145 uM; 13699 +/- 274 uM; 9325 +/- 186 uM; 18995 +/- 380 uM; 6677 +/- 134 uM; 12778 +/- 255 uM; 6407 +/- 320 uM; 16220 +/- 3082 uM; 10000 +/- 0 uM; 16000 +/- 9000 uM
YMDB00160,"Glutathione",CHEBI:16856,C00051,1234,2154,59,355 +/- 296 uM; 2113 +/- 41 uM
YMDB00175,"Pyruvic acid",CHEBI:32816,C00022,1774.44444444444,10000,60,3390 +/- 540 uM; 3380 +/- 169 uM; 130 +/- 0 uM; 140 +/- 80 uM; 5250 +/- 4750 uM; 1600 +/- 10 uM; 440 +/- 40 uM; 340 +/- 110 uM; 1300 +/- 300 uM
YMDB00194,"Iron(3+)",CHEBI:29034,C14819,43,82,3,4 +/- 1 uM; 82 +/- 0 uM
YMDB00203,"(R)-Pantothenic acid",CHEBI:46905,C00864,1.5,3,1,2 +/- 1 uM; 1 +/- 0 uM
YMDB00207,"Copper(2+)",CHEBI:29036,C00070,0.01,0.01,0.01,0.01 +/- 0.0 uM
YMDB00214,"L-Threonine",CHEBI:16857,C00188,2001.7,4303,591,4219 +/- 84 uM; 2067 +/- 41 uM; 775 +/- 15 uM; 603 +/- 12 uM; 2841 +/- 57 uM; 1206 +/- 24 uM; 3616 +/- 72 uM; 1206 +/- 24 uM; 1274 +/- 64 uM; 2210 +/- 210 uM
YMDB00218,"6-Phosphogluconic acid",CHEBI:48928,C00345,200,300,100,200 +/- 100 uM
YMDB00220,"Thiamine",CHEBI:18385,C00378,0.0965,0.188,0.005,0.188 +/- 0.0 uM; 0.005 +/- 0.0 uM
YMDB00224,"Nicotinic acid",CHEBI:15940,C00253,967.666666666667,2843,18,2843 +/- 0 uM; 42 +/- 2 uM; 18 +/- 0 uM
YMDB00226,"L-Asparagine",CHEBI:17196,C00152,623.5,936,406,427 +/- 21 uM; 820 +/- 116 uM
YMDB00227,"Choline",CHEBI:15354,C00114,758.5,970,547,970 +/- 0 uM; 547 +/- 0 uM
YMDB00231,"Spermine",CHEBI:15746,C00750,223,234,212,223 +/- 11 uM
YMDB00232,"Spermidine",CHEBI:16610,C00315,1339,1406,1272,1339 +/- 67 uM
YMDB00235,"Oxalacetic acid",CHEBI:30744,C00036,25,50,0,25 +/- 25 uM
YMDB00247,"L-Lactic acid",CHEBI:422,C00186,533,577,489,533 +/- 44 uM
YMDB00259,"LPA(16:0/0:0)",CHEBI:15799,C00416,42625,54650,23800,32500 +/- 8700 umol/L; 52750 +/- 1900 umol/L
YMDB00270,"Glyceric acid 1,3-biphosphate",,C00236,65,100,30,100 +/- 0 uM; 30 +/- 0 uM
YMDB00271,"L-Glutamic acid",CHEBI:16015,C00025,38754.5454545455,88965,11955,36180 +/- 724 uM; 45939 +/- 919 uM; 12199 +/- 244 uM; 30812 +/- 616 uM; 21053 +/- 421 uM; 47473 +/- 949 uM; 14848 +/- 297 uM; 56326 +/- 1126 uM; 81470 +/- 7495 uM; 42500 +/- 7500 uM; 37500 +/- 12500 uM
YMDB00276,"Phosphoenolpyruvic acid",CHEBI:44897,C00074,15,30,0,15 +/- 15 uM; 15 +/- 15 uM
YMDB00280,"(S)-Malic acid",CHEBI:30797,C00149,2515,2641,2389,2515 +/- 126 uM
YMDB00283,"Glycerol",CHEBI:17754,C00116,2250,4000,500,2250 +/- 1750 uM
YMDB00286,"D-Glucose",CHEBI:17634,C00031,1707.33333333333,2228,1000,1500 +/- 100 uM; 2122 +/- 106 uM; 1500 +/- 500 uM
YMDB00288,"Glucose 1-phosphate",CHEBI:16077,C00103,100,100,100,100 +/- 0 uM
YMDB00304,"L-Phenylalanine",CHEBI:17295,C00079,1257.2,3103,182,1428 +/- 29 uM; 1180 +/- 23 uM; 311 +/- 6 uM; 186 +/- 4 uM; 683 +/- 14 uM; 2794 +/- 56 uM; 993 +/- 20 uM; 3042 +/- 61 uM; 1415 +/- 71 uM; 540 +/- 64 uM
YMDB00318,"L-Methionine",CHEBI:16643,C00073,219.6,622,68,344 +/- 7 uM; 344 +/- 7 uM; 69 +/- 1 uM; 69 +/- 1 uM; 275 +/- 5 uM; 137 +/- 3 uM; 69 +/- 1 uM; 137 +/- 3 uM; 592 +/- 30 uM; 160 +/- 34 uM
YMDB00322,"Dihydroxyacetone phosphate",CHEBI:16108,C00111,303.333333333333,530,110,330 +/- 10 uM; 120 +/- 10 uM; 460 +/- 70 uM
YMDB00330,"L-Lysine",CHEBI:18019,C00047,976.1,3801,275,702 +/- 14 uM; 561 +/- 11 uM; 351 +/- 7 uM; 421 +/- 8 uM; 351 +/- 7 uM; 842 +/- 17 uM; 281 +/- 6 uM; 772 +/- 15 uM; 3620 +/- 181 uM; 1860 +/- 683 uM
YMDB00338,"Succinic acid",CHEBI:15741,C00042,600,630,570,600 +/- 30 uM
YMDB00353,"Ornithine",CHEBI:15729,C01602,75826.4,330000,125,132 +/- 7 uM; 7000 +/- 0 uM; 20000 +/- 0 uM; 330000 +/- 0 uM; 22000 +/- 0 uM
YMDB00358,"Calcium(2+)",CHEBI:29108,C00076,0.14,0.18,0.1,0.14 +/- 0.04 uM
YMDB00364,"L-Tyrosine",CHEBI:17895,C00082,1030.4,4099,167,283 +/- 6 uM; 170 +/- 3 uM; 340 +/- 7 uM; 453 +/- 9 uM; 1019 +/- 21 uM; 4019 +/- 80 uM; 283 +/- 6 uM; 2604 +/- 52 uM; 883 +/- 44 uM; 250 +/- 33 uM
YMDB00369,"L-Histidine",CHEBI:15971,C00135,5066.2,9170,729,8990 +/- 180 uM; 8924 +/- 178 uM; 4098 +/- 82 uM; 4098 +/- 82 uM; 5883 +/- 118 uM; 6280 +/- 126 uM; 4694 +/- 94 uM; 4958 +/- 99 uM; 767 +/- 38 uM; 1970 +/- 152 uM
YMDB00375,"L-Kynurenine",CHEBI:16946,C00328,16,17,15,16 +/- 1 uM
YMDB00378,"L-Proline",CHEBI:17203,C00148,1075,1129,1021,1075 +/- 54 uM
YMDB00379,"Iron(2+)",CHEBI:29033,C14818,43,82,3,4 +/- 1 uM; 82 +/- 0 uM
YMDB00385,"Formic acid",CHEBI:30751,C00058,14745,15482,14008,14745 +/- 737 uM
YMDB00387,"L-Leucine",CHEBI:15603,C00123,1265.3,3022,230,1486 +/- 30 uM; 626 +/- 12 uM; 391 +/- 8 uM; 235 +/- 5 uM; 782 +/- 16 uM; 2658 +/- 53 uM; 547 +/- 11 uM; 2580 +/- 52 uM; 2878 +/- 144 uM; 470 +/- 174 uM
YMDB00415,"UDP-D-glucose",CHEBI:18066,C00029,225,300,150,150 +/- 0 uM; 300 +/- 0 uM
YMDB00426,"NADPH",CHEBI:16474,C00005,100,150,50,100 +/- 0 uM; 100 +/- 50 uM
YMDB00427,"NADP",CHEBI:18009,C00006,205,630,20,325 +/- 305 uM; 85 +/- 65 uM
YMDB00441,"2-hydroxybutyric acid",CHEBI:1148,C05984,1725,1811,1639,1725 +/- 86 uM
YMDB00534,"Riboflavin",CHEBI:17015,C00255,1,1,1,1 +/- 0 uM; 1 +/- 0 uM
YMDB00592,"L-Arginine",CHEBI:16467,C00062,38435.2666666667,190000,0,16662 +/- 333 uM; 4180 +/- 84 uM; 8773 +/- 175 uM; 3650 +/- 73 uM; 10951 +/- 219 uM; 2355 +/- 47 uM; 5475 +/- 109 uM; 2708 +/- 54 uM; 7005 +/- 350 uM; 6020 +/- 433 uM; 18000 +/- 0 uM; 190000 +/- 0 uM; 750 +/- 750 uM; 190000 +/- 0 uM; 110000 +/- 0 uM
YMDB00658,"dCTP",CHEBI:16311,C00458,18,18,18,18 +/- 0 uM
YMDB00700,"dATP",CHEBI:16284,C00131,44,44,44,44 +/- 0 uM
YMDB00744,"dGTP",CHEBI:16497,C00286,15,15,15,15 +/- 0 uM
YMDB00745,"dTTP",CHEBI:18077,C00459,70,70,70,70 +/- 0 uM
YMDB00756,"3-phospho-D-glyceric acid",CHEBI:17794,C00197,375,730,110,120 +/- 10 uM; 630 +/- 100 uM
YMDB00782,"potassium atom",CHEBI:26216,,7209,7225,7193,7209 +/- 11 uM; 7209 +/- 16 uM
YMDB00796,"(R)-pantolactone",CHEBI:16719,C01012,61,69,53,61 +/- 8 uM
YMDB00830,"D-mannitol",CHEBI:16899,C00392,1020,1071,969,1020 +/- 51 uM
YMDB00883,"Ethanol",CHEBI:16236,C00469,579221.25,1697711,1734,325823 +/- 68594 uM; 583052 +/- 120040 uM; 1406185 +/- 291526 uM; 1825 +/- 91 uM
YMDB00896,"L-Aspartic acid",CHEBI:17053,C00049,3178.58333333333,13000,528,2096 +/- 42 uM; 2096 +/- 42 uM; 621 +/- 12 uM; 1164 +/- 23 uM; 539 +/- 11 uM; 2466 +/- 49 uM; 694 +/- 14 uM; 3313 +/- 66 uM; 1034 +/- 52 uM; 8120 +/- 2006 uM; 8000 +/- 5000 uM; 8000 +/- 5000 uM
YMDB00907,"phosphate",CHEBI:18367,C00009,19750,27000,11000,22000 +/- 1000 uM; 19000 +/- 1000 uM; 23000 +/- 4000 uM; 15000 +/- 4000 uM
YMDB00914,"ADP",CHEBI:16761,C00008,750,2200,300,420 +/- 110 uM; 1400 +/- 800 uM; 950 +/- 350 uM; 320 +/- 20 uM; 530 +/- 100 uM; 530 +/- 140 uM; 1100 +/- 300 uM
YMDB00947,"Glucose 6-phosphate",CHEBI:4170,C00668,1322,2500,210,2050 +/- 110 uM; 2300 +/- 200 uM; 560 +/- 80 uM; 340 +/- 130 uM; 1360 +/- 600 uM
YMDB01107,"Cer 18:0;3/24:0;1",,,3500,8300,-1300,3500 +/- 4800 umol/L
YMDB01108,"Cer 18:0;3/26:0;0",CHEBI:52980,,6750,6900,6600,6750 +/- 150 umol/L
YMDB01109,"Cer 18:0;3/26:0;1",,,69250,97800,41825,45000 +/- 3175 umol/L; 93500 +/- 4300 umol/L
YMDB01110,"Cer 20:0;3/26:0;1",,,14750,26525,2975,14750 +/- 11775 umol/L
YMDB01122,"DG(12:0/16:0/0:0)",,C00165,37875,68875,4750,68250 +/- 625 umol/L; 7500 +/- 2750 umol/L
YMDB01123,"DG(12:0/16:1(9Z)/0:0)",,C00165,23500,24000,23000,23500 +/- 500 umol/L
YMDB01124,"DG(14:0/16:0/0:0)",,C00165,6000,11725,2375,8750 +/- 2975 umol/L; 3250 +/- 875 umol/L
YMDB01125,"DG(14:0/16:1(9Z)/0:0)",,C00165,89000,96575,81425,89000 +/- 7575 umol/L
YMDB01127,"DG(16:0/16:0/0:0)",CHEBI:18035,C00165,12500,12550,12450,12500 +/- 50 umol/L
YMDB01128,"DG(16:0/16:1(9Z)/0:0)",CHEBI:18035,C00165,423125,526850,343950,492250 +/- 34600 umol/L; 354000 +/- 10050 umol/L
YMDB01129,"DG(16:0/18:1(9Z)/0:0)",CHEBI:18035,C00165,502625,585800,423600,447000 +/- 23400 umol/L; 558250 +/- 27550 umol/L
YMDB01132,"DG(18:0/18:1(9Z)/0:0)",CHEBI:18035,C00165,126750,176550,86125,99500 +/- 13375 umol/L; 154000 +/- 22550 umol/L
YMDB01144,"IPC 18:0;3/24:0;1",,,47125,63775,28000,60250 +/- 3525 umol/L; 34000 +/- 6000 umol/L
YMDB01146,"IPC 18:0;3/26:0;0",,,45375,64775,30400,30750 +/- 350 umol/L; 60000 +/- 4775 umol/L
YMDB01147,"IPC 18:0;3/26:0;1",,,569000,792575,399825,412000 +/- 12175 umol/L; 726000 +/- 66575 umol/L
YMDB01148,"IPC 18:0;3/26:0;2",,,169125,314325,55850,56750 +/- 900 umol/L; 281500 +/- 32825 umol/L
YMDB01151,"IPC 20:0;3/26:0;0",,,28500,33975,23025,28500 +/- 5475 umol/L
YMDB01153,"IPC 20:0;3/26:0;2",,,7000,10175,3825,7000 +/- 3175 umol/L
YMDB01155,"PA(12:0/16:0)",,,74500,77725,68775,73250 +/- 4475 umol/L; 75750 +/- 175 umol/L
YMDB01156,"PA(12:0/16:1(9Z))",,,89750,159650,35100,143500 +/- 16150 umol/L; 36000 +/- 900 umol/L
YMDB01158,"PA(14:0/16:1(9Z))",,,100750,162325,47250,152250 +/- 10075 umol/L; 49250 +/- 2000 umol/L
YMDB01159,"PA(14:1(9Z)/16:0)",,,20750,36600,-2550,35000 +/- 1600 umol/L; 6500 +/- 9050 umol/L
YMDB01161,"PA(16:0/16:0)",CHEBI:73246,C00416,99500,101250,97750,99500 +/- 1750 umol/L
YMDB01162,"PA(16:0/16:1(9Z))",,,772500,851900,726675,753250 +/- 26575 umol/L; 791750 +/- 60150 umol/L
YMDB01163,"PA(16:0/18:1(9Z))",CHEBI:16337,C00416,603125,768600,442850,491500 +/- 48650 umol/L; 714750 +/- 53850 umol/L
YMDB01167,"PA(18:0/16:1(9Z))",CHEBI:75073,,56375,70150,47500,60250 +/- 9900 umol/L; 52500 +/- 5000 umol/L
YMDB01168,"PA(18:0/18:1(9Z))",CHEBI:74847,,53625,78075,29375,36750 +/- 7375 umol/L; 70500 +/- 7575 umol/L
YMDB01171,"PC(10:0/16:0)",,,39500,63000,23500,24750 +/- 1250 umol/L; 54250 +/- 8750 umol/L
YMDB01172,"PC(10:0/16:1(9Z))",,,111750,157475,76200,139750 +/- 17725 umol/L; 83750 +/- 7550 umol/L
YMDB01173,"PC(12:0/16:0)",CHEBI:75017,,97625,157350,43500,46000 +/- 2500 umol/L; 149250 +/- 8100 umol/L
YMDB01174,"PC(12:0/16:1(9Z))",,,150250.017333333,247025,0.0494,0.052 +/- 0.0026 uM; 245250 +/- 1775 umol/L; 205500 +/- 10600 umol/L
YMDB01176,"PC(14:0/16:0)",CHEBI:18303,C00157,52125,93675,7225,19000 +/- 11775 umol/L; 85250 +/- 8425 umol/L
YMDB01177,"PC(14:0/16:1(9Z))",CHEBI:18303,C00157,289500,330375,253500,322250 +/- 8125 umol/L; 256750 +/- 3250 umol/L
YMDB01178,"PC(14:1(9Z)/16:1(9Z))",CHEBI:18303,C00157,65916.6726666667,176725,0.0171,0.018 +/- 0.0009 uM; 175250 +/- 1475 umol/L; 22500 +/- 425 umol/L
YMDB01179,"PC(16:0/0:0)",CHEBI:17504,C04230,0.508,0.5334,0.4826,0.508 +/- 0.0254 uM
YMDB01180,"PC(16:0/16:0)",CHEBI:16110,C00157,24416.689,64900,0.06365,0.067 +/- 0.00335 uM; 28000 +/- 3850 umol/L; 45250 +/- 19650 umol/L
YMDB01181,"PC(16:0/16:1(9Z))",CHEBI:18303,C00157,1006083.366,2109425,0.0931,0.098 +/- 0.0049 uM; 922500 +/- 77375 umol/L; 2095750 +/- 13675 umol/L
YMDB01183,"PC(16:0/18:1(9Z))",CHEBI:18303,C00157,634750.333333333,1561975,1,1 +/- 0 uM; 346750 +/- 32150 umol/L; 1557500 +/- 4475 umol/L
YMDB01184,"PC(16:1(9Z)/0:0)",CHEBI:73851,C04230,0.443,0.46515,0.42085,0.443 +/- 0.02215 uM
YMDB01186,"PC(16:1(9Z)/18:1(9Z))",CHEBI:18303,C00157,3,3,3,3 +/- 0 uM
YMDB01187,"PC(18:0/0:0)",CHEBI:17504,C04230,0.135,0.14175,0.12825,0.135 +/- 0.00675 uM
YMDB01188,"PC(18:0/18:0)",CHEBI:18303,C00157,23375,27650,19725,22250 +/- 2525 umol/L; 24500 +/- 3150 umol/L
YMDB01189,"PC(18:0/18:1(9Z))",CHEBI:18303,C00157,120833.587333333,327175,0.7239,0.762 +/- 0.0381 uM; 37250 +/- 9675 umol/L; 325250 +/- 1925 umol/L
YMDB01190,"PC(18:1(9Z)/0:0)",CHEBI:17504,C04230,0.132,0.1386,0.1254,0.132 +/- 0.0066 uM; 0.132 +/- 0.0066 uM
YMDB01191,"PC(18:1(9Z)/18:1(9Z))",CHEBI:16110,C00157,0.755,0.79275,0.71725,0.755 +/- 0.03775 uM
YMDB01192,"PE(12:0/16:0)",,,32500,38500,26500,32500 +/- 6000 umol/L
YMDB01193,"PE(12:0/16:1(9Z))",,,197750,394850,-16950,354500 +/- 40350 umol/L; 41000 +/- 57950 umol/L
YMDB01195,"PE(14:0/16:1(9Z))",CHEBI:16038,C00350,185250,186625,183875,185250 +/- 1375 umol/L
YMDB01196,"PE(14:1(9Z)/16:0)",CHEBI:16038,C00350,30250,33875,26625,30250 +/- 3625 umol/L
YMDB01199,"PE(16:0/16:1(9Z))",CHEBI:16038,C00350,415250,476325,322250,472000 +/- 4325 umol/L; 358500 +/- 36250 umol/L
YMDB01200,"PE(16:0/18:1(9Z))",CHEBI:16038,C00350,233625,306525,93925,282500 +/- 24025 umol/L; 184750 +/- 90825 umol/L
YMDB01203,"PE(16:1(9Z)/18:1(9Z))",CHEBI:16038,C00350,3005750,4005950,1777875,3758500 +/- 247450 umol/L; 2253000 +/- 475125 umol/L
YMDB01209,"PG(16:0/16:1(9Z))",,,10000,16975,-2975,13000 +/- 1025 umol/L; 7000 +/- 9975 umol/L
YMDB01210,"PG(16:0/18:1(9Z))",CHEBI:73234,,5750,13875,-2375,5750 +/- 8125 umol/L
YMDB01211,"PG(16:1(9Z)/16:1(9Z))",,,14250,18550,9950,14250 +/- 4300 umol/L
YMDB01215,"PI(10:0/16:0)",,,445875,609775,277175,590500 +/- 19275 umol/L; 301250 +/- 24075 umol/L
YMDB01216,"PI(10:0/16:1(9Z))",,,66000,68975,63025,66000 +/- 2975 umol/L
YMDB01217,"PI(10:0/18:0)",,,103250,155500,49975,147000 +/- 8500 umol/L; 59500 +/- 9525 umol/L
YMDB01219,"PI(12:0/14:0)",,,66250,69400,63100,66250 +/- 3150 umol/L
YMDB01220,"PI(12:0/16:0)",,,814500,1096625,544650,1046000 +/- 50625 umol/L; 583000 +/- 38350 umol/L
YMDB01221,"PI(12:0/16:1(9Z))",,,98750,166325,39175,154000 +/- 12325 umol/L; 43500 +/- 4325 umol/L
YMDB01222,"PI(12:0/18:0)",,,163750,226775,115025,208500 +/- 18275 umol/L; 119000 +/- 3975 umol/L
YMDB01224,"PI(14:0/14:0)",,,14750,16300,13200,14750 +/- 1550 umol/L
YMDB01225,"PI(14:0/14:1(9Z))",,,17250,20725,13775,17250 +/- 3475 umol/L
YMDB01226,"PI(14:0/16:0)",,,196875,268700,135700,136750 +/- 1050 umol/L; 257000 +/- 11700 umol/L
YMDB01227,"PI(14:0/16:1(9Z))",,,200875,310125,83225,306500 +/- 3625 umol/L; 95250 +/- 12025 umol/L
YMDB01228,"PI(14:0/18:1(9Z))",,,125375,176650,73400,171000 +/- 5650 umol/L; 79750 +/- 6350 umol/L
YMDB01230,"PI(14:1(9Z)/16:0)",,,199375,348150,54100,341500 +/- 6650 umol/L; 57250 +/- 3150 umol/L
YMDB01231,"PI(14:1(9Z)/16:1(9Z))",,,42000,45350,38650,42000 +/- 3350 umol/L
YMDB01232,"PI(14:1(9Z)/18:0)",,,42375,87625,-2550,78250 +/- 9375 umol/L; 6500 +/- 9050 umol/L
YMDB01234,"PI(16:0/16:0)",,C00626,204250,378000,47425,51000 +/- 3575 umol/L; 357500 +/- 20500 umol/L
YMDB01235,"PI(16:0/16:1(9Z))",CHEBI:88396,C00626,4745000,5958925,3787500,3813500 +/- 26000 umol/L; 5676500 +/- 282425 umol/L
YMDB01236,"PI(16:0/18:1(9Z))",,C00626,4807500,7446250,2486225,2602000 +/- 115775 umol/L; 7013000 +/- 433250 umol/L
YMDB01238,"PI(16:1(9Z)/16:1(9Z))",,C00626,727500,773450,654550,741000 +/- 16350 umol/L; 714000 +/- 59450 umol/L
YMDB01239,"PI(16:1(9Z)/18:1(9Z))",CHEBI:88562,C00626,742750,995650,505050,538250 +/- 33200 umol/L; 947250 +/- 48400 umol/L
YMDB01241,"PI(18:0/16:1(9Z))",CHEBI:88557,C00626,1513375,1738675,1259800,1333500 +/- 73700 umol/L; 1693250 +/- 45425 umol/L
YMDB01242,"PI(18:0/18:1(9Z))",,,1104000,1562950,592500,646000 +/- 53500 umol/L; 1562000 +/- 950 umol/L
YMDB01244,"PI(18:1(9Z)/18:1(9Z))",CHEBI:88612,C00626,67375,87125,36075,48500 +/- 12425 umol/L; 86250 +/- 875 umol/L
YMDB01246,"PS(12:0/16:0)",,,3250,8000,-1500,3250 +/- 4750 umol/L
YMDB01247,"PS(12:0/16:1(9Z))",,,14125,21725,-3725,19250 +/- 1250 umol/L; 9000 +/- 12725 umol/L
YMDB01248,"PS(14:0/16:1(9Z))",,,5500,13275,-2275,5500 +/- 7775 umol/L
YMDB01251,"PS(16:0/16:0)",CHEBI:11750,C02737,8375,15425,2300,3000 +/- 700 umol/L; 13750 +/- 1675 umol/L
YMDB01252,"PS(16:0/16:1(9Z))",CHEBI:89824,,182875,213175,127650,159750 +/- 32100 umol/L; 206000 +/- 7175 umol/L
YMDB01253,"PS(16:0/18:1(9Z))",CHEBI:34086,,205500,250175,150475,163250 +/- 12775 umol/L; 247750 +/- 2425 umol/L
YMDB01260,"TG(12:0/12:0/18:1(9Z))",,,4750,5250,4250,4750 +/- 500 umol/L
YMDB01261,"TG(12:0/14:0/16:0)",,,48000,48100,47900,48000 +/- 100 umol/L
YMDB01262,"TG(12:0/14:0/16:1(9Z))",,,86000,94725,77275,86000 +/- 8725 umol/L
YMDB01263,"TG(12:0/14:1(9Z)/16:1(9Z))",,,19750,25925,13575,19750 +/- 6175 umol/L
YMDB01264,"TG(12:0/14:1(9Z)/22:0)",,,2500,2525,2475,2500 +/- 25 umol/L
YMDB01265,"TG(12:0/16:0/16:0)",,,32375,62875,-775,62750 +/- 125 umol/L; 2000 +/- 2775 umol/L
YMDB01266,"TG(12:0/16:0/16:1(9Z))",,,137500,139100,135900,137500 +/- 1600 umol/L
YMDB01267,"TG(12:0/16:0/18:1(9Z))",,,25250,26575,23925,25250 +/- 1325 umol/L
YMDB01268,"TG(12:0/16:1(9Z)/16:1(9Z))",,,70000,71100,68900,70000 +/- 1100 umol/L
YMDB01269,"TG(12:0/16:1(9Z)/18:1(9Z))",,,19750,20225,19275,19750 +/- 475 umol/L
YMDB01271,"TG(14:0/16:0/16:0)",,,9500,12450,6550,9500 +/- 2950 umol/L
YMDB01272,"TG(14:0/16:0/16:1(9Z))",,,55875,113100,4075,107500 +/- 5600 umol/L; 4250 +/- 175 umol/L
YMDB01273,"TG(14:0/16:0/18:1(9Z))",CHEBI:108918,,17125,27750,5975,27500 +/- 250 umol/L; 6750 +/- 775 umol/L
YMDB01274,"TG(14:0/16:1(9Z)/16:1(9Z))",,,123500,126475,120525,123500 +/- 2975 umol/L
YMDB01275,"TG(14:0/16:1(9Z)/18:1(9Z))",,,30750,55950,7500,53500 +/- 2450 umol/L; 8000 +/- 500 umol/L
YMDB01277,"TG(14:0/16:1(9Z)/26:0)",,,11000,12875,9125,11000 +/- 1875 umol/L
YMDB01278,"TG(14:0/18:0/18:1(9Z))",CHEBI:17855,C00422,21375,25250,14775,25000 +/- 250 umol/L; 17750 +/- 2975 umol/L
YMDB01279,"TG(14:0/18:1(9Z)/20:0)",,,2750,2775,2725,2750 +/- 25 umol/L
YMDB01281,"TG(14:1(9Z)/16:1(9Z)/16:1(9Z))",,,11250,11350,11150,11250 +/- 100 umol/L
YMDB01282,"TG(14:1(9Z)/16:1(9Z)/18:1(9Z))",,,9750,10075,9425,9750 +/- 325 umol/L
YMDB01284,"TG(16:0/16:0/16:1(9Z))",CHEBI:17855,C00422,138625,190900,77900,189250 +/- 1650 umol/L; 88000 +/- 10100 umol/L
YMDB01286,"TG(16:0/16:1(9Z)/16:1(9Z))",CHEBI:17855,C00422,333125,540400,140275,516750 +/- 23650 umol/L; 149500 +/- 9225 umol/L
YMDB01287,"TG(16:0/16:1(9Z)/18:0)",CHEBI:17855,C00422,125250,151225,83850,149750 +/- 1475 umol/L; 100750 +/- 16900 umol/L
YMDB01288,"TG(16:0/16:1(9Z)/18:1(9Z))",CHEBI:17855,C00422,166250,230275,103575,223250 +/- 7025 umol/L; 109250 +/- 5675 umol/L
YMDB01289,"TG(16:0/16:1(9Z)/22:0)",,,5750,6100,5400,5750 +/- 350 umol/L
YMDB01290,"TG(16:0/16:1(9Z)/24:0)",,,5500,8725,-1225,7250 +/- 1225 umol/L; 3750 +/- 4975 umol/L
YMDB01291,"TG(16:0/16:1(9Z)/26:0)",,,21375,28000,14150,26000 +/- 2000 umol/L; 16750 +/- 2600 umol/L
YMDB01292,"TG(16:0/18:0/18:1(9Z))",CHEBI:17855,C00422,50250,76350,40625,41000 +/- 375 umol/L; 59500 +/- 16850 umol/L
YMDB01293,"TG(16:0/18:1(9Z)/18:1(9Z))",CHEBI:17855,C00422,67125,80350,41525,78750 +/- 1600 umol/L; 55500 +/- 13975 umol/L
YMDB01294,"TG(16:0/18:1(9Z)/20:0)",CHEBI:17855,C00422,1250,1325,1175,1250 +/- 75 umol/L
YMDB01296,"TG(16:0/18:1(9Z)/24:0)",,,4125,6725,1675,6250 +/- 475 umol/L; 2000 +/- 325 umol/L
YMDB01297,"TG(16:0/18:1(9Z)/26:0)",,,22250,27550,15300,20750 +/- 5450 umol/L; 23750 +/- 3800 umol/L
YMDB01298,"TG(16:1(9Z)/16:1(9Z)/16:1(9Z))",CHEBI:75841,,224750,407850,53300,395000 +/- 12850 umol/L; 54500 +/- 1200 umol/L
YMDB01299,"TG(16:1(9Z)/16:1(9Z)/18:0)",CHEBI:17855,C00422,192000,282100,104750,273500 +/- 8600 umol/L; 110500 +/- 5750 umol/L
YMDB01300,"TG(16:1(9Z)/16:1(9Z)/18:1(9Z))",CHEBI:17855,C00422,249250,410600,93250,403500 +/- 7100 umol/L; 95000 +/- 1750 umol/L
YMDB01301,"TG(16:1(9Z)/16:1(9Z)/20:0)",CHEBI:17855,C00422,4750,4850,4650,4750 +/- 100 umol/L
YMDB01302,"TG(16:1(9Z)/16:1(9Z)/22:0)",,,7000,10675,2100,10000 +/- 675 umol/L; 4000 +/- 1900 umol/L
YMDB01303,"TG(16:1(9Z)/16:1(9Z)/24:0)",,,11750,14350,9150,11750 +/- 2600 umol/L
YMDB01304,"TG(16:1(9Z)/16:1(9Z)/26:0)",,,42500,49475,35625,49000 +/- 475 umol/L; 36000 +/- 375 umol/L
YMDB01305,"TG(16:1(9Z)/18:0/18:0)",CHEBI:17855,C00422,47875,64425,36075,45500 +/- 425 umol/L; 50250 +/- 14175 umol/L
YMDB01306,"TG(16:1(9Z)/18:0/18:1(9Z))",CHEBI:17855,C00422,91625,113500,53850,111250 +/- 2250 umol/L; 72000 +/- 18150 umol/L
YMDB01307,"TG(16:1(9Z)/18:1(9Z)/18:1(9Z))",CHEBI:17855,C00422,72125,117575,23950,113000 +/- 4575 umol/L; 31250 +/- 7300 umol/L
YMDB01308,"TG(16:1(9Z)/18:1(9Z)/20:0)",CHEBI:17855,C00422,3125,4800,900,4500 +/- 300 umol/L; 1750 +/- 850 umol/L
YMDB01310,"TG(16:1(9Z)/18:1(9Z)/24:0)",,,3500,3525,3475,3500 +/- 25 umol/L
YMDB01311,"TG(16:1(9Z)/18:1(9Z)/26:0)",,,38500,46600,25075,30500 +/- 5425 umol/L; 46500 +/- 100 umol/L
YMDB01312,"TG(18:0/18:0/18:1(9Z))",CHEBI:17855,C00422,17750,25975,12525,16250 +/- 1025 umol/L; 19250 +/- 6725 umol/L
YMDB01313,"TG(18:0/18:1(9Z)/18:1(9Z))",CHEBI:17855,C00422,22500,32800,7300,30750 +/- 2050 umol/L; 14250 +/- 6950 umol/L
YMDB01315,"TG(18:1(9Z)/18:1(9Z)/18:1(9Z))",CHEBI:53753,,8500,13325,3675,8500 +/- 4825 umol/L
YMDB01349,"Ethyl hexadecanoate",CHEBI:84932,,0.171366363636364,0.664,0.00703,0.0316 +/- 0.0 uM; 0.00703 +/- 0.0 uM; 0.0527 +/- 0.0 uM; 0.0387 +/- 0.0 uM; 0.664 +/- 0.0 uM; 0.123 +/- 0.0 uM; 0.257 +/- 0.0 uM; 0.116 +/- 0.0 uM; 0.197 +/- 0.0 uM; 0.12 +/- 0.0 uM; 0.278 +/- 0.0 uM
YMDB01355,"Ethyl tetradecanoate",CHEBI:84849,,0.0733636363636364,0.203,0,0.156 +/- 0.0 uM; 0.039 +/- 0.0 uM; 0.0 +/- 0.0 uM; 0.0741 +/- 0.0 uM; 0.203 +/- 0.0 uM; 0.0273 +/- 0.0 uM; 0.0546 +/- 0.0 uM; 0.0 +/- 0.0 uM; 0.0 +/- 0.0 uM; 0.105 +/- 0.0 uM; 0.148 +/- 0.0 uM
YMDB01381,"Ethyl hexanoate ",CHEBI:86055,,0.814409090909091,2,0.0624,0.0901 +/- 0.0 uM; 0.0624 +/- 0.0 uM; 0.943 +/- 0.0 uM; 0.978 +/- 0.0 uM; 2 +/- 0 uM; 0.638 +/- 0.0 uM; 0.86 +/- 0.0 uM; 2 +/- 0 uM; 0.749 +/- 0.0 uM; 0.18 +/- 0.0 uM; 0.458 +/- 0.0 uM
YMDB01389,"Ethyl octanoate",CHEBI:27594,C12292,0.819472727272727,3,0.0232,0.0232 +/- 0.0 uM; 0.145 +/- 0.0 uM; 0.337 +/- 0.0 uM; 0.261 +/- 0.0 uM; 2 +/- 0 uM; 0.342 +/- 0.0 uM; 1 +/- 0 uM; 3 +/- 0 uM; 1 +/- 0 uM; 0.389 +/- 0.0 uM; 0.517 +/- 0.0 uM
YMDB01391,"Ethyl decanoate",CHEBI:87430,,0.545718181818182,2,0,0.0749 +/- 0.0 uM; 0.11 +/- 0.0 uM; 0.0 +/- 0.0 uM; 0.255 +/- 0.0 uM; 2 +/- 0 uM; 0.429 +/- 0.0 uM; 0.409 +/- 0.0 uM; 0.839 +/- 0.0 uM; 0.983 +/- 0.0 uM; 0.559 +/- 0.0 uM; 0.344 +/- 0.0 uM
YMDB01418,"gamma-butyrolactone",CHEBI:42639,C01770,105,117,93,105 +/- 12 uM
YMDB01515,"beta-Carotene",CHEBI:17579,C02094,0.019,0.019,0.019,0.019 +/- 0.0 uM
YMDB01516,"Betaine",CHEBI:17750,C00719,26,26,26,26 +/- 0 uM
YMDB01517,"Chloride",CHEBI:17996,C00115,13884,16039,11729,16020 +/- 19 uM; 11748 +/- 19 uM
YMDB01518,"Fluoride",CHEBI:30236,C00742,39,57,22,23 +/- 1 uM; 55 +/- 2 uM
YMDB01519,"Lutein",CHEBI:28838,C08601,0.105,0.105,0.105,0.105 +/- 0.0 uM
YMDB01520,"Magnesium",CHEBI:25107,C00305,3703,4937,2360,2469 +/- 109 uM; 4937 +/- 0 uM
YMDB01521,"Manganese",CHEBI:18291,C00034,12.5,24,1,1 +/- 0 uM; 24 +/- 0 uM
YMDB01523,"Phosphorus",CHEBI:28659,C06262,5973,7426,3842,4520 +/- 678 uM; 7426 +/- 0 uM
YMDB01524,"Selenium",CHEBI:27568,C01529,0.0505,0.082,0.025,0.076 +/- 0.006 uM; 0.025 +/- 0.0 uM
YMDB01525,"Cyanocobalamin",CHEBI:28911,C05776,0,0,0,0.0 +/- 0.0 uM
YMDB01526,"Phylloquinone",CHEBI:18067,C02059,0.009,0.009,0.009,0.009 +/- 0.0 uM
YMDB01527,"Zinc",CHEBI:30185,C00038,11.5,21,2,2 +/- 0 uM; 21 +/- 0 uM
YMDB01528,"Decenoylcarnitine",,,4,4,4,4 +/- 0 uM
YMDB01529,"Dodecanoylcarnitine",CHEBI:77086,,1,1,1,1 +/- 0 uM
YMDB01530,"Dodecenoylcarnitine",,,5,5,5,5 +/- 0 uM
YMDB01531,"Tetradecanoylcarnitine",CHEBI:84634,,1,1,1,1 +/- 0 uM
YMDB01532,"Tetradecenoylcarnitine",CHEBI:73060,,0.3,0.3,0.3,0.3 +/- 0.0 uM
YMDB01533,"L-Palmitoylcarnitine",,,0.3,0.3,0.3,0.3 +/- 0.0 uM
YMDB01534,"Hexadecanoylcarnitine",CHEBI:17490,C02990,0.4,0.4,0.4,0.4 +/- 0.0 uM
YMDB01535,"9,12-Hexadecadienylcarnitine",,,0.2,0.2,0.2,0.2 +/- 0.0 uM
YMDB01536,"Butyrylcarnitine",CHEBI:21949,C02862,1,1,1,1 +/- 0 uM
YMDB01537,"Tiglylcarnitine",CHEBI:85520,,1,1,1,1 +/- 0 uM
YMDB01538,"Pimelylcarnitine",,,1,1,1,1 +/- 0 uM
YMDB01539,"Nonanoylcarnitine",CHEBI:70997,,1,1,1,1 +/- 0 uM
YMDB01554,"Dimethyl-L-arginine",CHEBI:17929,C03626,3,3,3,3 +/- 0 uM
YMDB01555,"Carnosine",CHEBI:15727,C00386,6,6,6,6 +/- 0 uM
YMDB01556,"Histamine",CHEBI:18295,C00388,13,14,12,13 +/- 1 uM
YMDB01558,"Phenylethylamine",CHEBI:18397,C05332,3,3,3,3 +/- 0 uM
YMDB01559,"2-Hydroxyvalerate",CHEBI:60647,,3035,3187,2883,3035 +/- 152 uM
YMDB01560,"3-Aminoisobutyrate",CHEBI:16684,C05145,625,656,594,625 +/- 31 uM
YMDB01561,"3-Hydroxybutyric acid",CHEBI:20067,C01089,600,630,570,600 +/- 30 uM
YMDB01562,"5-Hydroxylysine",CHEBI:18040,C01211,6315,6631,5999,6315 +/- 316 uM
YMDB01563,"Acetamide",CHEBI:27856,C06244,3150,3308,2992,3150 +/- 158 uM
YMDB01564,"Ethylene glycol",CHEBI:30742,C01380,1050,1103,997,1050 +/- 53 uM
YMDB01565,"Anserine",CHEBI:18323,C01262,840,882,798,840 +/- 42 uM
YMDB01566,"Malonate",CHEBI:30794,C00383,1190,1250,1130,1190 +/- 60 uM
YMDB01567,"Methylmalonate",CHEBI:17453,C02170,1090,1145,1035,1090 +/- 55 uM
YMDB01568,"N-Phenylacetylglycine",CHEBI:27480,C05596,1000,1050,950,1000 +/- 50 uM
YMDB01569,"Salicylurate",CHEBI:9008,C07588,1205,1265,1145,1205 +/- 60 uM
YMDB01570,"2-Aminobutyrate",CHEBI:35619,C02356,875,919,831,875 +/- 44 uM
YMDB01571,"2-Hydroxy-3-methylvalerate",CHEBI:89228,,1615,1696,1534,1615 +/- 81 uM
YMDB01810,"LysoPC(18:1(9Z))",CHEBI:28610,C04230,161375,347225,2850,319250 +/- 27975 umol/L; 3500 +/- 650 umol/L
YMDB01811,"PC(14:0/14:1(9Z))",CHEBI:89525,C00157,0.052,0.0546,0.0494,0.052 +/- 0.0026 uM
YMDB01812,"PC(14:0/18:0)",CHEBI:86090,C00157,0.067,0.07035,0.06365,0.067 +/- 0.00335 uM
YMDB01813,"PC(14:0/18:1(11Z))",CHEBI:73793,C00157,0.098,0.1029,0.0931,0.098 +/- 0.0049 uM
YMDB01814,"PC(14:0/18:1(9Z))",CHEBI:84808,C00157,0.098,0.1029,0.0931,0.098 +/- 0.0049 uM
YMDB01815,"PC(14:0/20:1(11Z))",CHEBI:89520,C00157,1,1,1,1 +/- 0 uM
YMDB01816,"PC(14:0/20:2(11Z,14Z))",CHEBI:89518,C00157,3,3,3,3 +/- 0 uM
YMDB01817,"PC(14:0/20:3(5Z,8Z,11Z))",CHEBI:89517,C00157,0.109,0.11445,0.10355,0.109 +/- 0.00545 uM
YMDB01818,"PC(14:0/20:3(8Z,11Z,14Z))",CHEBI:89513,C00157,0.109,0.11445,0.10355,0.109 +/- 0.00545 uM
YMDB01819,"PC(14:0/20:4(5Z,8Z,11Z,14Z))",CHEBI:86102,C00157,0.019,0.01995,0.01805,0.019 +/- 0.00095 uM
YMDB01820,"PC(14:0/20:4(8Z,11Z,14Z,17Z))",CHEBI:89512,C00157,0.019,0.01995,0.01805,0.019 +/- 0.00095 uM
YMDB01821,"PC(14:0/22:1(13Z))",CHEBI:89516,C00157,0.762,0.8001,0.7239,0.762 +/- 0.0381 uM
YMDB01822,"PC(14:0/22:2(13Z,16Z))",CHEBI:89515,C00157,0.755,0.79275,0.71725,0.755 +/- 0.03775 uM
YMDB01823,"PC(14:0/22:4(7Z,10Z,13Z,16Z))",CHEBI:89514,C00157,1,1,1,1 +/- 0 uM
YMDB01824,"PC(14:0/22:5(4Z,7Z,10Z,13Z,16Z))",CHEBI:89583,C00157,0.038,0.0399,0.0361,0.038 +/- 0.0019 uM
YMDB01825,"PC(14:0/22:5(7Z,10Z,13Z,16Z,19Z))",CHEBI:89584,C00157,0.038,0.0399,0.0361,0.038 +/- 0.0019 uM
YMDB01826,"PC(14:0/22:6(4Z,7Z,10Z,13Z,16Z,19Z))",CHEBI:86162,C00157,0.021,0.02205,0.01995,0.021 +/- 0.00105 uM
YMDB01827,"PC(14:0/P-18:0)",CHEBI:89590,C00157,0.067,0.07035,0.06365,0.067 +/- 0.00335 uM
YMDB01828,"PC(14:0/P-18:1(11Z))",CHEBI:89586,C00157,0.098,0.1029,0.0931,0.098 +/- 0.0049 uM
YMDB01829,"PC(14:0/P-18:1(9Z))",CHEBI:89587,C00157,0.098,0.1029,0.0931,0.098 +/- 0.0049 uM
YMDB01830,"PC(14:1(9Z)/14:0)",CHEBI:89588,C00157,0.052,0.0546,0.0494,0.052 +/- 0.0026 uM
YMDB01831,"PC(14:1(9Z)/18:0)",CHEBI:88907,C00157,0.098,0.1029,0.0931,0.098 +/- 0.0049 uM
YMDB01832,"PC(14:1(9Z)/20:0)",CHEBI:88928,C00157,1,1,1,1 +/- 0 uM
YMDB01833,"PC(14:1(9Z)/20:1(11Z))",CHEBI:88919,C00157,3,3,3,3 +/- 0 uM
YMDB01834,"PC(14:1(9Z)/20:2(11Z,14Z))",,C00157,0.109,0.11445,0.10355,0.109 +/- 0.00545 uM
YMDB01835,"PC(14:1(9Z)/20:3(5Z,8Z,11Z))",CHEBI:88917,C00157,0.019,0.01995,0.01805,0.019 +/- 0.00095 uM
YMDB01836,"PC(14:1(9Z)/20:3(8Z,11Z,14Z))",,C00157,0.019,0.01995,0.01805,0.019 +/- 0.00095 uM
YMDB01837,"PC(14:1(9Z)/22:0)",CHEBI:88920,C00157,0.762,0.8001,0.7239,0.762 +/- 0.0381 uM
YMDB01838,"PC(14:1(9Z)/22:1(13Z))",,C00157,0.755,0.79275,0.71725,0.755 +/- 0.03775 uM
YMDB01839,"PC(14:1(9Z)/22:2(13Z,16Z))",,C00157,1,1,1,1 +/- 0 uM
YMDB01840,"PC(14:1(9Z)/22:4(7Z,10Z,13Z,16Z))",CHEBI:88936,C00157,0.038,0.0399,0.0361,0.038 +/- 0.0019 uM
YMDB01841,"PC(14:1(9Z)/22:5(4Z,7Z,10Z,13Z,16Z))",CHEBI:88930,C00157,0.021,0.02205,0.01995,0.021 +/- 0.00105 uM
YMDB01842,"PC(14:1(9Z)/22:5(7Z,10Z,13Z,16Z,19Z))",CHEBI:88929,C00157,0.021,0.02205,0.01995,0.021 +/- 0.00105 uM
YMDB01843,"PC(14:1(9Z)/P-18:0)",CHEBI:88931,C00157,0.098,0.1029,0.0931,0.098 +/- 0.0049 uM
YMDB01844,"PC(16:0/18:1(11Z))",CHEBI:85037,C00157,634750.333333333,1561975,1,1 +/- 0 uM; 346750 +/- 32150 umol/L; 1557500 +/- 4475 umol/L
YMDB01845,"PC(16:0/18:2(9Z,12Z))",CHEBI:73002,C00157,3,3,3,3 +/- 0 uM
YMDB01846,"PC(16:0/18:3(6Z,9Z,12Z))",CHEBI:84786,C00157,0.109,0.11445,0.10355,0.109 +/- 0.00545 uM
YMDB01847,"PC(16:0/18:3(9Z,12Z,15Z))",CHEBI:84789,C00157,0.109,0.11445,0.10355,0.109 +/- 0.00545 uM
YMDB01848,"PC(16:0/18:4(6Z,9Z,12Z,15Z))",CHEBI:86101,C00157,0.019,0.01995,0.01805,0.019 +/- 0.00095 uM
YMDB01849,"PC(16:0/20:1(11Z))",CHEBI:84575,C00157,0.762,0.8001,0.7239,0.762 +/- 0.0381 uM
YMDB01850,"PC(16:0/20:2(11Z,14Z))",CHEBI:84574,C00157,0.755,0.79275,0.71725,0.755 +/- 0.03775 uM
YMDB01851,"PC(16:0/20:3(5Z,8Z,11Z))",CHEBI:86119,C00157,1,1,1,1 +/- 0 uM
YMDB01852,"PC(16:0/20:3(8Z,11Z,14Z))",CHEBI:86121,C00157,1,1,1,1 +/- 0 uM
YMDB01853,"PC(16:0/20:4(5Z,8Z,11Z,14Z))",CHEBI:73003,C00157,1,1,1,1 +/- 0 uM
YMDB01854,"PC(16:0/20:4(8Z,11Z,14Z,17Z))",,C00157,1,1,1,1 +/- 0 uM
YMDB01855,"PC(16:0/20:5(5Z,8Z,11Z,14Z,17Z))",CHEBI:86137,C00157,0.038,0.0399,0.0361,0.038 +/- 0.0019 uM
YMDB01856,"PC(16:0/22:4(7Z,10Z,13Z,16Z))",CHEBI:84573,C00157,2,2,2,2 +/- 0 uM
YMDB01857,"PC(16:0/22:5(4Z,7Z,10Z,13Z,16Z))",CHEBI:84795,C00157,0.772,0.8106,0.7334,0.772 +/- 0.0386 uM
YMDB01858,"PC(16:0/22:5(7Z,10Z,13Z,16Z,19Z))",CHEBI:84796,C00157,0.772,0.8106,0.7334,0.772 +/- 0.0386 uM
YMDB01859,"PC(16:0/22:6(4Z,7Z,10Z,13Z,16Z,19Z))",CHEBI:74963,C00157,0.557,0.58485,0.52915,0.557 +/- 0.02785 uM
YMDB01860,"PC(16:0/P-16:0)",CHEBI:89009,C00157,0.067,0.07035,0.06365,0.067 +/- 0.00335 uM
YMDB01861,"PC(16:0/P-18:1(11Z))",CHEBI:89013,C00157,1,1,1,1 +/- 0 uM
YMDB01862,"PC(16:0/P-18:1(9Z))",CHEBI:89014,C00157,1,1,1,1 +/- 0 uM
YMDB01863,"PC(16:1(9Z)/14:1(9Z))",CHEBI:86415,C00157,0.018,0.0189,0.0171,0.018 +/- 0.0009 uM
YMDB01864,"PC(16:1(9Z)/16:0)",CHEBI:89731,C00157,0.098,0.1029,0.0931,0.098 +/- 0.0049 uM
YMDB01865,"PC(16:1(9Z)/18:0)",CHEBI:84570,C00157,1,1,1,1 +/- 0 uM
YMDB01866,"PC(16:1(9Z)/18:1(11Z))",CHEBI:84810,C00157,3,3,3,3 +/- 0 uM
YMDB01867,"PC(16:1(9Z)/18:2(9Z,12Z))",CHEBI:84567,C00157,0.109,0.11445,0.10355,0.109 +/- 0.00545 uM
YMDB01868,"PC(16:1(9Z)/18:3(6Z,9Z,12Z))",CHEBI:89732,C00157,0.019,0.01995,0.01805,0.019 +/- 0.00095 uM
YMDB01869,"PC(16:1(9Z)/18:3(9Z,12Z,15Z))",CHEBI:89733,C00157,0.019,0.01995,0.01805,0.019 +/- 0.00095 uM
YMDB01870,"PC(16:1(9Z)/20:0)",CHEBI:45240,C00157,0.762,0.8001,0.7239,0.762 +/- 0.0381 uM
YMDB01871,"PC(16:1(9Z)/20:1(11Z))",CHEBI:89737,C00157,0.755,0.79275,0.71725,0.755 +/- 0.03775 uM
YMDB01872,"PC(16:1(9Z)/20:2(11Z,14Z))",CHEBI:89734,C00157,1,1,1,1 +/- 0 uM
YMDB01873,"PC(16:1(9Z)/20:3(5Z,8Z,11Z))",CHEBI:89735,C00157,1,1,1,1 +/- 0 uM
YMDB01874,"PC(16:1(9Z)/20:3(8Z,11Z,14Z))",CHEBI:89740,C00157,1,1,1,1 +/- 0 uM
YMDB01875,"PC(16:1(9Z)/20:4(5Z,8Z,11Z,14Z))",CHEBI:84816,C00157,0.038,0.0399,0.0361,0.038 +/- 0.0019 uM
YMDB01876,"PC(16:1(9Z)/20:4(8Z,11Z,14Z,17Z))",CHEBI:89738,C00157,0.038,0.0399,0.0361,0.038 +/- 0.0019 uM
YMDB01877,"PC(16:1(9Z)/20:5(5Z,8Z,11Z,14Z,17Z))",CHEBI:89739,C00157,0.021,0.02205,0.01995,0.021 +/- 0.00105 uM
YMDB01878,"PC(16:1(9Z)/22:2(13Z,16Z))",CHEBI:74479,C00157,0.185,0.19425,0.17575,0.185 +/- 0.00925 uM
YMDB01879,"PC(16:1(9Z)/22:4(7Z,10Z,13Z,16Z))",CHEBI:89659,C00157,0.772,0.8106,0.7334,0.772 +/- 0.0386 uM
YMDB01880,"PC(16:1(9Z)/22:5(4Z,7Z,10Z,13Z,16Z))",CHEBI:89657,C00157,0.557,0.58485,0.52915,0.557 +/- 0.02785 uM
YMDB01881,"PC(16:1(9Z)/22:5(7Z,10Z,13Z,16Z,19Z))",CHEBI:89655,C00157,0.557,0.58485,0.52915,0.557 +/- 0.02785 uM
YMDB01882,"PC(16:1(9Z)/24:1(15Z))",,C00157,0.043,0.04515,0.04085,0.043 +/- 0.00215 uM
YMDB01883,"PC(16:1(9Z)/P-16:0)",CHEBI:89652,C00157,0.098,0.1029,0.0931,0.098 +/- 0.0049 uM
YMDB01884,"PC(16:1(9Z)/P-18:0)",CHEBI:89650,C00157,1,1,1,1 +/- 0 uM
YMDB01885,"PC(16:1(9Z)/P-18:1(11Z))",CHEBI:89648,C00157,3,3,3,3 +/- 0 uM
YMDB01886,"PC(16:1(9Z)/P-18:1(9Z))",CHEBI:89668,C00157,3,3,3,3 +/- 0 uM
YMDB01887,"PC(18:0/14:0)",CHEBI:86089,C00157,0.067,0.07035,0.06365,0.067 +/- 0.00335 uM
YMDB01888,"PC(18:0/14:1(9Z))",CHEBI:89667,C00157,0.098,0.1029,0.0931,0.098 +/- 0.0049 uM
YMDB01889,"PC(18:0/16:1(9Z))",CHEBI:86097,C00157,1,1,1,1 +/- 0 uM
YMDB01890,"PC(18:0/18:1(11Z))",CHEBI:86109,C00157,120833.587333333,327175,0.7239,0.762 +/- 0.0381 uM; 37250 +/- 9675 umol/L; 325250 +/- 1925 umol/L
YMDB01891,"PC(18:0/18:2(9Z,12Z))",CHEBI:84822,C00157,0.755,0.79275,0.71725,0.755 +/- 0.03775 uM
YMDB01892,"PC(18:0/18:3(6Z,9Z,12Z))",CHEBI:86117,C00157,1,1,1,1 +/- 0 uM
YMDB01893,"PC(18:0/18:3(9Z,12Z,15Z))",CHEBI:78022,C00157,1,1,1,1 +/- 0 uM
YMDB01894,"PC(18:0/18:4(6Z,9Z,12Z,15Z))",CHEBI:86134,C00157,1,1,1,1 +/- 0 uM
YMDB01895,"PC(18:0/20:3(5Z,8Z,11Z))",CHEBI:86176,C00157,0.185,0.19425,0.17575,0.185 +/- 0.00925 uM
YMDB01896,"PC(18:0/20:3(8Z,11Z,14Z))",CHEBI:86177,C00157,0.185,0.19425,0.17575,0.185 +/- 0.00925 uM
YMDB01897,"PC(18:0/20:4(5Z,8Z,11Z,14Z))",CHEBI:74965,C00157,2,2,2,2 +/- 0 uM
YMDB01898,"PC(18:0/20:4(8Z,11Z,14Z,17Z))",CHEBI:89672,C00157,2,2,2,2 +/- 0 uM
YMDB01899,"PC(18:0/20:5(5Z,8Z,11Z,14Z,17Z))",,C00157,0.772,0.8106,0.7334,0.772 +/- 0.0386 uM
YMDB01900,"PC(18:0/22:2(13Z,16Z))",,C00157,0.043,0.04515,0.04085,0.043 +/- 0.00215 uM
YMDB01901,"PC(18:0/22:4(7Z,10Z,13Z,16Z))",CHEBI:84565,C00157,0.093,0.09765,0.08835,0.093 +/- 0.00465 uM
YMDB01902,"PC(18:0/22:5(4Z,7Z,10Z,13Z,16Z))",CHEBI:73865,C00157,0.098,0.1029,0.0931,0.098 +/- 0.0049 uM
YMDB01903,"PC(18:0/22:5(7Z,10Z,13Z,16Z,19Z))",CHEBI:86203,C00157,0.098,0.1029,0.0931,0.098 +/- 0.0049 uM
YMDB01904,"PC(18:0/24:1(15Z))",CHEBI:86219,C00157,0.032,0.0336,0.0304,0.032 +/- 0.0016 uM
YMDB01905,"PC(18:0/P-18:1(11Z))",CHEBI:89681,C00157,0.762,0.8001,0.7239,0.762 +/- 0.0381 uM
YMDB01906,"PC(18:0/P-18:1(9Z))",CHEBI:89679,C00157,0.762,0.8001,0.7239,0.762 +/- 0.0381 uM
YMDB01907,"PC(18:1(11Z)/14:0)",,C00157,0.098,0.1029,0.0931,0.098 +/- 0.0049 uM
YMDB01908,"PC(18:1(11Z)/16:0)",CHEBI:89677,C00157,1,1,1,1 +/- 0 uM
YMDB01909,"PC(18:1(11Z)/16:1(9Z))",CHEBI:89678,C00157,3,3,3,3 +/- 0 uM
YMDB01910,"PC(18:1(11Z)/18:0)",CHEBI:86111,C00157,0.762,0.8001,0.7239,0.762 +/- 0.0381 uM
YMDB01911,"PC(18:1(11Z)/18:1(11Z))",CHEBI:86114,C00157,194500.251666667,393875,0.71725,0.755 +/- 0.03775 uM; 210000 +/- 2775 umol/L; 373500 +/- 20375 umol/L
YMDB01912,"PC(18:1(11Z)/18:1(9Z))",CHEBI:89688,C00157,194500.251666667,393875,0.71725,0.755 +/- 0.03775 uM; 210000 +/- 2775 umol/L; 373500 +/- 20375 umol/L
YMDB01913,"PC(18:1(11Z)/18:2(9Z,12Z))",CHEBI:89691,C00157,1,1,1,1 +/- 0 uM
YMDB01914,"PC(18:1(11Z)/18:3(6Z,9Z,12Z))",CHEBI:89692,C00157,1,1,1,1 +/- 0 uM
YMDB01915,"PC(18:1(11Z)/18:3(9Z,12Z,15Z))",CHEBI:89693,C00157,1,1,1,1 +/- 0 uM
YMDB01916,"PC(18:1(11Z)/18:4(6Z,9Z,12Z,15Z))",CHEBI:89694,C00157,0.038,0.0399,0.0361,0.038 +/- 0.0019 uM
YMDB01917,"PC(18:1(11Z)/20:2(11Z,14Z))",CHEBI:89689,C00157,0.185,0.19425,0.17575,0.185 +/- 0.00925 uM
YMDB01918,"PC(18:1(11Z)/20:3(5Z,8Z,11Z))",CHEBI:89690,C00157,2,2,2,2 +/- 0 uM
YMDB01919,"PC(18:1(11Z)/20:3(8Z,11Z,14Z))",CHEBI:89695,C00157,2,2,2,2 +/- 0 uM
YMDB01920,"PC(18:1(11Z)/20:4(5Z,8Z,11Z,14Z))",CHEBI:89697,C00157,0.772,0.8106,0.7334,0.772 +/- 0.0386 uM
YMDB01921,"PC(18:1(11Z)/20:4(8Z,11Z,14Z,17Z))",CHEBI:89696,C00157,0.772,0.8106,0.7334,0.772 +/- 0.0386 uM
YMDB01922,"PC(18:1(11Z)/20:5(5Z,8Z,11Z,14Z,17Z))",CHEBI:86186,C00157,0.557,0.58485,0.52915,0.557 +/- 0.02785 uM
YMDB01923,"PC(18:1(11Z)/22:1(13Z))",,C00157,0.043,0.04515,0.04085,0.043 +/- 0.00215 uM
YMDB01924,"PC(18:1(11Z)/22:2(13Z,16Z))",CHEBI:89699,C00157,0.007,0.00735,0.00665,0.007 +/- 0.00035 uM
YMDB01925,"PC(18:1(11Z)/22:4(7Z,10Z,13Z,16Z))",,C00157,0.098,0.1029,0.0931,0.098 +/- 0.0049 uM
YMDB01926,"PC(18:1(11Z)/24:0)",CHEBI:89704,C00157,0.032,0.0336,0.0304,0.032 +/- 0.0016 uM
YMDB01927,"PC(18:1(11Z)/24:1(15Z))",CHEBI:89703,C00157,0.01,0.0105,0.0095,0.01 +/- 0.0005 uM
YMDB01928,"PC(18:1(11Z)/P-16:0)",CHEBI:89702,C00157,1,1,1,1 +/- 0 uM
YMDB01929,"PC(18:1(11Z)/P-18:0)",CHEBI:89705,C00157,0.762,0.8001,0.7239,0.762 +/- 0.0381 uM
YMDB01930,"PC(18:1(11Z)/P-18:1(11Z))",CHEBI:89706,C00157,0.755,0.79275,0.71725,0.755 +/- 0.03775 uM
YMDB01931,"PC(18:1(11Z)/P-18:1(9Z))",CHEBI:89707,C00157,0.755,0.79275,0.71725,0.755 +/- 0.03775 uM
YMDB01932,"PC(18:1(9Z)/14:0)",CHEBI:86092,C00157,0.098,0.1029,0.0931,0.098 +/- 0.0049 uM
YMDB01933,"PC(18:1(9Z)/16:0)",CHEBI:74667,C00157,1,1,1,1 +/- 0 uM
YMDB01934,"PC(18:1(9Z)/16:1(9Z))",CHEBI:86100,C00157,3,3,3,3 +/- 0 uM
YMDB01935,"PC(18:1(9Z)/18:0)",CHEBI:76073,C00157,0.762,0.8001,0.7239,0.762 +/- 0.0381 uM
YMDB01936,"PC(18:1(9Z)/18:1(11Z))",CHEBI:89604,C00157,0.755,0.79275,0.71725,0.755 +/- 0.03775 uM
YMDB01937,"PC(18:1(9Z)/18:2(9Z,12Z))",CHEBI:74670,C00157,1,1,1,1 +/- 0 uM
YMDB01938,"PC(18:1(9Z)/18:3(6Z,9Z,12Z))",,C00157,1,1,1,1 +/- 0 uM
YMDB01939,"PC(18:1(9Z)/18:3(9Z,12Z,15Z))",CHEBI:86133,C00157,1,1,1,1 +/- 0 uM
YMDB01940,"PC(18:1(9Z)/18:4(6Z,9Z,12Z,15Z))",CHEBI:89603,C00157,0.038,0.0399,0.0361,0.038 +/- 0.0019 uM
YMDB01941,"PC(18:1(9Z)/20:2(11Z,14Z))",CHEBI:89619,C00157,0.185,0.19425,0.17575,0.185 +/- 0.00925 uM
YMDB01942,"PC(18:1(9Z)/20:3(5Z,8Z,11Z))",CHEBI:86178,C00157,2,2,2,2 +/- 0 uM
YMDB01943,"PC(18:1(9Z)/20:3(8Z,11Z,14Z))",CHEBI:89618,C00157,2,2,2,2 +/- 0 uM
YMDB01944,"PC(18:1(9Z)/20:4(5Z,8Z,11Z,14Z))",CHEBI:74671,C00157,0.772,0.8106,0.7334,0.772 +/- 0.0386 uM
YMDB01945,"PC(18:1(9Z)/20:4(8Z,11Z,14Z,17Z))",CHEBI:89617,C00157,0.772,0.8106,0.7334,0.772 +/- 0.0386 uM
YMDB01946,"PC(18:1(9Z)/20:5(5Z,8Z,11Z,14Z,17Z))",CHEBI:86187,C00157,0.557,0.58485,0.52915,0.557 +/- 0.02785 uM
YMDB01947,"PC(18:1(9Z)/22:1(13Z))",,C00157,0.043,0.04515,0.04085,0.043 +/- 0.00215 uM
YMDB01948,"PC(18:1(9Z)/22:2(13Z,16Z))",CHEBI:89616,C00157,0.007,0.00735,0.00665,0.007 +/- 0.00035 uM
YMDB01949,"PC(18:1(9Z)/22:4(7Z,10Z,13Z,16Z))",CHEBI:86201,C00157,0.098,0.1029,0.0931,0.098 +/- 0.0049 uM
YMDB01950,"PC(18:1(9Z)/24:0)",CHEBI:86217,C00157,0.032,0.0336,0.0304,0.032 +/- 0.0016 uM
YMDB01951,"PC(18:1(9Z)/24:1(15Z))",CHEBI:89592,C00157,0.01,0.0105,0.0095,0.01 +/- 0.0005 uM
YMDB01952,"PC(18:1(9Z)/P-16:0)",CHEBI:89593,C00157,1,1,1,1 +/- 0 uM
YMDB01953,"PC(18:1(9Z)/P-18:0)",CHEBI:89594,C00157,0.762,0.8001,0.7239,0.762 +/- 0.0381 uM
YMDB01954,"PC(18:1(9Z)/P-18:1(11Z))",CHEBI:89595,C00157,0.755,0.79275,0.71725,0.755 +/- 0.03775 uM
YMDB01955,"PC(18:1(9Z)/P-18:1(9Z))",CHEBI:89596,C00157,0.755,0.79275,0.71725,0.755 +/- 0.03775 uM
YMDB01956,"PC(18:2(9Z,12Z)/16:0)",CHEBI:86099,C00157,3,3,3,3 +/- 0 uM
YMDB01957,"PC(18:2(9Z,12Z)/16:1(9Z))",,C00157,0.109,0.11445,0.10355,0.109 +/- 0.00545 uM
YMDB01958,"PC(18:2(9Z,12Z)/18:0)",CHEBI:86112,C00157,0.755,0.79275,0.71725,0.755 +/- 0.03775 uM
YMDB01959,"PC(18:2(9Z,12Z)/18:1(11Z))",CHEBI:89599,C00157,1,1,1,1 +/- 0 uM
YMDB01960,"PC(18:2(9Z,12Z)/18:1(9Z))",CHEBI:89597,C00157,1,1,1,1 +/- 0 uM
YMDB01961,"PC(18:2(9Z,12Z)/18:2(9Z,12Z))",CHEBI:42027,C00157,1,1,1,1 +/- 0 uM
YMDB01962,"PC(18:2(9Z,12Z)/20:3(5Z,8Z,11Z))",CHEBI:89600,C00157,0.772,0.8106,0.7334,0.772 +/- 0.0386 uM
YMDB01963,"PC(18:2(9Z,12Z)/18:3(6Z,9Z,12Z))",,C00157,0.038,0.0399,0.0361,0.038 +/- 0.0019 uM
YMDB01964,"PC(18:2(9Z,12Z)/18:3(9Z,12Z,15Z))",,C00157,0.038,0.0399,0.0361,0.038 +/- 0.0019 uM
YMDB01965,"PC(18:2(9Z,12Z)/18:4(6Z,9Z,12Z,15Z))",CHEBI:89576,C00157,0.021,0.02205,0.01995,0.021 +/- 0.00105 uM
YMDB01966,"PC(18:2(9Z,12Z)/20:1(11Z))",CHEBI:89574,C00157,0.185,0.19425,0.17575,0.185 +/- 0.00925 uM
YMDB01967,"PC(18:2(9Z,12Z)/20:2(11Z,14Z))",,C00157,2,2,2,2 +/- 0 uM
YMDB01968,"PC(18:2(9Z,12Z)/20:3(8Z,11Z,14Z))",CHEBI:89580,C00157,0.772,0.8106,0.7334,0.772 +/- 0.0386 uM
YMDB01969,"PC(18:2(9Z,12Z)/20:4(5Z,8Z,11Z,14Z))",CHEBI:84563,C00157,0.557,0.58485,0.52915,0.557 +/- 0.02785 uM
YMDB01970,"PC(18:2(9Z,12Z)/20:4(8Z,11Z,14Z,17Z))",CHEBI:89579,C00157,0.557,0.58485,0.52915,0.557 +/- 0.02785 uM
YMDB01971,"PC(18:2(9Z,12Z)/22:0)",,C00157,0.043,0.04515,0.04085,0.043 +/- 0.00215 uM
YMDB01972,"PC(18:2(9Z,12Z)/22:1(13Z))",CHEBI:89585,C00157,0.007,0.00735,0.00665,0.007 +/- 0.00035 uM
YMDB01973,"PC(18:2(9Z,12Z)/22:2(13Z,16Z))",,C00157,0.093,0.09765,0.08835,0.093 +/- 0.00465 uM
YMDB01974,"PC(18:2(9Z,12Z)/24:0)",CHEBI:89589,C00157,0.01,0.0105,0.0095,0.01 +/- 0.0005 uM
YMDB01975,"PC(18:2(9Z,12Z)/P-16:0)",CHEBI:89591,C00157,3,3,3,3 +/- 0 uM
YMDB01976,"PC(18:2(9Z,12Z)/P-18:0)",CHEBI:89543,C00157,0.755,0.79275,0.71725,0.755 +/- 0.03775 uM
YMDB01977,"PC(18:2(9Z,12Z)/P-18:1(11Z))",CHEBI:89542,C00157,1,1,1,1 +/- 0 uM
YMDB01978,"PC(18:2(9Z,12Z)/P-18:1(9Z))",CHEBI:89541,C00157,1,1,1,1 +/- 0 uM
YMDB01979,"PC(18:3(6Z,9Z,12Z)/16:0)",CHEBI:89545,C00157,0.109,0.11445,0.10355,0.109 +/- 0.00545 uM
YMDB01980,"PC(18:3(6Z,9Z,12Z)/16:1(9Z))",CHEBI:89544,C00157,0.019,0.01995,0.01805,0.019 +/- 0.00095 uM
YMDB01981,"PC(18:3(6Z,9Z,12Z)/18:0)",CHEBI:89548,C00157,1,1,1,1 +/- 0 uM
YMDB01982,"PC(18:3(6Z,9Z,12Z)/18:1(11Z))",CHEBI:89547,C00157,1,1,1,1 +/- 0 uM
YMDB01983,"PC(18:3(6Z,9Z,12Z)/18:1(9Z))",CHEBI:86123,C00157,1,1,1,1 +/- 0 uM
YMDB01984,"PC(18:3(6Z,9Z,12Z)/18:2(9Z,12Z))",CHEBI:89558,C00157,0.038,0.0399,0.0361,0.038 +/- 0.0019 uM
YMDB01985,"PC(18:3(6Z,9Z,12Z)/18:3(6Z,9Z,12Z))",CHEBI:89557,C00157,0.021,0.02205,0.01995,0.021 +/- 0.00105 uM
YMDB01986,"PC(18:3(6Z,9Z,12Z)/18:3(9Z,12Z,15Z))",CHEBI:89559,C00157,0.021,0.02205,0.01995,0.021 +/- 0.00105 uM
YMDB01987,"PC(18:3(6Z,9Z,12Z)/20:0)",CHEBI:89562,C00157,0.185,0.19425,0.17575,0.185 +/- 0.00925 uM
YMDB01988,"PC(18:3(6Z,9Z,12Z)/20:1(11Z))",CHEBI:89560,C00157,2,2,2,2 +/- 0 uM
YMDB01989,"PC(18:3(6Z,9Z,12Z)/20:2(11Z,14Z))",CHEBI:89564,C00157,0.772,0.8106,0.7334,0.772 +/- 0.0386 uM
YMDB01990,"PC(18:3(6Z,9Z,12Z)/20:3(5Z,8Z,11Z))",CHEBI:89563,C00157,0.557,0.58485,0.52915,0.557 +/- 0.02785 uM
YMDB01991,"PC(18:3(6Z,9Z,12Z)/20:3(8Z,11Z,14Z))",CHEBI:89565,C00157,0.557,0.58485,0.52915,0.557 +/- 0.02785 uM
YMDB01992,"PC(18:3(6Z,9Z,12Z)/22:0)",CHEBI:89529,C00157,0.007,0.00735,0.00665,0.007 +/- 0.00035 uM
YMDB01993,"PC(18:3(6Z,9Z,12Z)/22:1(13Z))",,C00157,0.093,0.09765,0.08835,0.093 +/- 0.00465 uM
YMDB01994,"PC(18:3(6Z,9Z,12Z)/22:2(13Z,16Z))",,C00157,0.098,0.1029,0.0931,0.098 +/- 0.0049 uM
YMDB01995,"PC(18:3(6Z,9Z,12Z)/24:1(15Z))",CHEBI:86422,C00157,0.006,0.0063,0.0057,0.006 +/- 0.0003 uM
YMDB01996,"PC(18:3(6Z,9Z,12Z)/P-16:0)",CHEBI:89523,C00157,0.109,0.11445,0.10355,0.109 +/- 0.00545 uM
YMDB01997,"PC(18:3(6Z,9Z,12Z)/P-18:0)",CHEBI:89533,C00157,1,1,1,1 +/- 0 uM
YMDB01998,"PC(18:3(6Z,9Z,12Z)/P-18:1(11Z))",CHEBI:89534,C00157,1,1,1,1 +/- 0 uM
YMDB01999,"PC(18:3(6Z,9Z,12Z)/P-18:1(9Z))",CHEBI:89535,C00157,1,1,1,1 +/- 0 uM
YMDB02000,"PC(18:3(9Z,12Z,15Z)/16:0)",,C00157,0.109,0.11445,0.10355,0.109 +/- 0.00545 uM
YMDB02001,"PC(18:3(9Z,12Z,15Z)/16:1(9Z))",CHEBI:89443,C00157,0.019,0.01995,0.01805,0.019 +/- 0.00095 uM
YMDB02002,"PC(18:3(9Z,12Z,15Z)/18:0)",CHEBI:89438,C00157,1,1,1,1 +/- 0 uM
YMDB02003,"PC(18:3(9Z,12Z,15Z)/18:1(11Z))",,C00157,1,1,1,1 +/- 0 uM
YMDB02004,"PC(18:3(9Z,12Z,15Z)/18:1(9Z))",CHEBI:86127,C00157,1,1,1,1 +/- 0 uM
YMDB02005,"PC(18:3(9Z,12Z,15Z)/18:2(9Z,12Z))",,C00157,0.038,0.0399,0.0361,0.038 +/- 0.0019 uM
YMDB02006,"PC(18:3(9Z,12Z,15Z)/18:3(6Z,9Z,12Z))",CHEBI:89441,C00157,0.021,0.02205,0.01995,0.021 +/- 0.00105 uM
YMDB02007,"PC(18:3(9Z,12Z,15Z)/18:3(9Z,12Z,15Z))",CHEBI:86161,C00157,0.021,0.02205,0.01995,0.021 +/- 0.00105 uM
YMDB02008,"PC(18:3(9Z,12Z,15Z)/20:0)",,C00157,0.185,0.19425,0.17575,0.185 +/- 0.00925 uM
YMDB02009,"PC(18:3(9Z,12Z,15Z)/20:1(11Z))",CHEBI:89444,C00157,2,2,2,2 +/- 0 uM
YMDB02010,"PC(18:3(9Z,12Z,15Z)/20:2(11Z,14Z))",CHEBI:89453,C00157,0.772,0.8106,0.7334,0.772 +/- 0.0386 uM
YMDB02011,"PC(18:3(9Z,12Z,15Z)/20:3(5Z,8Z,11Z))",CHEBI:89452,C00157,0.557,0.58485,0.52915,0.557 +/- 0.02785 uM
YMDB02012,"PC(18:3(9Z,12Z,15Z)/20:3(8Z,11Z,14Z))",,C00157,0.557,0.58485,0.52915,0.557 +/- 0.02785 uM
YMDB02013,"PC(18:3(9Z,12Z,15Z)/22:0)",CHEBI:89451,C00157,0.007,0.00735,0.00665,0.007 +/- 0.00035 uM
YMDB02014,"PC(18:3(9Z,12Z,15Z)/22:1(13Z))",,C00157,0.093,0.09765,0.08835,0.093 +/- 0.00465 uM
YMDB02015,"PC(18:3(9Z,12Z,15Z)/22:2(13Z,16Z))",,C00157,0.098,0.1029,0.0931,0.098 +/- 0.0049 uM
YMDB02016,"PC(18:3(9Z,12Z,15Z)/24:1(15Z))",,C00157,0.006,0.0063,0.0057,0.006 +/- 0.0003 uM
YMDB02017,"PC(18:3(9Z,12Z,15Z)/P-16:0)",CHEBI:89414,C00157,0.109,0.11445,0.10355,0.109 +/- 0.00545 uM
YMDB02018,"PC(18:3(9Z,12Z,15Z)/P-18:0)",CHEBI:89415,C00157,1,1,1,1 +/- 0 uM
YMDB02019,"PC(18:3(9Z,12Z,15Z)/P-18:1(11Z))",CHEBI:89411,C00157,1,1,1,1 +/- 0 uM
YMDB02020,"PC(18:3(9Z,12Z,15Z)/P-18:1(9Z))",CHEBI:89412,C00157,1,1,1,1 +/- 0 uM
YMDB02021,"PC(18:4(6Z,9Z,12Z,15Z)/16:0)",CHEBI:89416,C00157,0.019,0.01995,0.01805,0.019 +/- 0.00095 uM
YMDB02022,"PC(18:4(6Z,9Z,12Z,15Z)/18:0)",CHEBI:89420,C00157,1,1,1,1 +/- 0 uM
YMDB02023,"PC(18:4(6Z,9Z,12Z,15Z)/18:1(11Z))",CHEBI:89422,C00157,0.038,0.0399,0.0361,0.038 +/- 0.0019 uM
YMDB02024,"PC(18:4(6Z,9Z,12Z,15Z)/18:1(9Z))",CHEBI:89418,C00157,0.038,0.0399,0.0361,0.038 +/- 0.0019 uM
YMDB02025,"PC(18:4(6Z,9Z,12Z,15Z)/18:2(9Z,12Z))",CHEBI:89419,C00157,0.021,0.02205,0.01995,0.021 +/- 0.00105 uM
YMDB02026,"PC(18:4(6Z,9Z,12Z,15Z)/20:0)",CHEBI:89423,C00157,2,2,2,2 +/- 0 uM
YMDB02027,"PC(18:4(6Z,9Z,12Z,15Z)/20:1(11Z))",CHEBI:89424,C00157,0.772,0.8106,0.7334,0.772 +/- 0.0386 uM
YMDB02028,"PC(18:4(6Z,9Z,12Z,15Z)/20:2(11Z,14Z))",CHEBI:89425,C00157,0.557,0.58485,0.52915,0.557 +/- 0.02785 uM
YMDB02029,"PC(18:4(6Z,9Z,12Z,15Z)/22:0)",,C00157,0.093,0.09765,0.08835,0.093 +/- 0.00465 uM
YMDB02030,"PC(18:4(6Z,9Z,12Z,15Z)/22:1(13Z))",,C00157,0.098,0.1029,0.0931,0.098 +/- 0.0049 uM
YMDB02031,"PC(18:4(6Z,9Z,12Z,15Z)/24:0)",CHEBI:89431,C00157,0.006,0.0063,0.0057,0.006 +/- 0.0003 uM
YMDB02032,"PC(18:4(6Z,9Z,12Z,15Z)/P-16:0)",CHEBI:89428,C00157,0.019,0.01995,0.01805,0.019 +/- 0.00095 uM
YMDB02033,"PC(18:4(6Z,9Z,12Z,15Z)/dm18:0)",CHEBI:89429,C00157,1,1,1,1 +/- 0 uM
YMDB02034,"PC(18:4(6Z,9Z,12Z,15Z)/P-18:1(11Z))",CHEBI:89358,C00157,0.038,0.0399,0.0361,0.038 +/- 0.0019 uM
YMDB02035,"PC(18:4(6Z,9Z,12Z,15Z)/P-18:1(9Z))",CHEBI:89356,C00157,0.038,0.0399,0.0361,0.038 +/- 0.0019 uM
YMDB02036,"PC(20:0/14:1(9Z))",,C00157,1,1,1,1 +/- 0 uM
YMDB02037,"PC(20:0/16:1(9Z))",,C00157,0.762,0.8001,0.7239,0.762 +/- 0.0381 uM
YMDB02038,"PC(20:0/18:3(6Z,9Z,12Z))",CHEBI:89372,C00157,0.185,0.19425,0.17575,0.185 +/- 0.00925 uM
YMDB02039,"PC(20:0/18:3(9Z,12Z,15Z))",,C00157,0.185,0.19425,0.17575,0.185 +/- 0.00925 uM
YMDB02040,"PC(20:0/18:4(6Z,9Z,12Z,15Z))",,C00157,2,2,2,2 +/- 0 uM
YMDB02041,"PC(20:0/20:2(11Z,14Z))",CHEBI:86199,C00157,0.043,0.04515,0.04085,0.043 +/- 0.00215 uM
YMDB02042,"PC(20:0/20:3(5Z,8Z,11Z))",CHEBI:89369,C00157,0.007,0.00735,0.00665,0.007 +/- 0.00035 uM
YMDB02043,"PC(20:0/20:3(8Z,11Z,14Z))",,C00157,0.007,0.00735,0.00665,0.007 +/- 0.00035 uM
YMDB02044,"PC(20:0/20:4(5Z,8Z,11Z,14Z))",CHEBI:74970,C00157,0.093,0.09765,0.08835,0.093 +/- 0.00465 uM
YMDB02045,"PC(20:0/20:4(8Z,11Z,14Z,17Z))",,C00157,0.093,0.09765,0.08835,0.093 +/- 0.00465 uM
YMDB02046,"PC(20:0/20:5(5Z,8Z,11Z,14Z,17Z))",,C00157,0.098,0.1029,0.0931,0.098 +/- 0.0049 uM
YMDB02047,"PC(20:0/22:1(13Z))",CHEBI:86216,C00157,0.032,0.0336,0.0304,0.032 +/- 0.0016 uM
YMDB02048,"PC(20:0/22:2(13Z,16Z))",CHEBI:89384,C00157,0.01,0.0105,0.0095,0.01 +/- 0.0005 uM
YMDB02049,"PC(20:0/22:4(7Z,10Z,13Z,16Z))",CHEBI:89391,C00157,0.006,0.0063,0.0057,0.006 +/- 0.0003 uM
YMDB02050,"PC(20:1(11Z)/14:0)",CHEBI:89399,C00157,1,1,1,1 +/- 0 uM
YMDB02051,"PC(20:1(11Z)/14:1(9Z))",CHEBI:89403,C00157,3,3,3,3 +/- 0 uM
YMDB02052,"PC(20:1(11Z)/16:0)",CHEBI:89409,C00157,0.762,0.8001,0.7239,0.762 +/- 0.0381 uM
YMDB02053,"PC(20:1(11Z)/16:1(9Z))",CHEBI:89408,C00157,0.755,0.79275,0.71725,0.755 +/- 0.03775 uM
YMDB02054,"PC(20:1(11Z)/18:2(9Z,12Z))",CHEBI:89105,C00157,0.185,0.19425,0.17575,0.185 +/- 0.00925 uM
YMDB02055,"PC(20:1(11Z)/18:3(6Z,9Z,12Z))",CHEBI:89101,C00157,2,2,2,2 +/- 0 uM
YMDB02056,"PC(20:1(11Z)/18:3(9Z,12Z,15Z))",CHEBI:89102,C00157,2,2,2,2 +/- 0 uM
YMDB02057,"PC(20:1(11Z)/18:4(6Z,9Z,12Z,15Z))",CHEBI:89103,C00157,0.772,0.8106,0.7334,0.772 +/- 0.0386 uM
YMDB02058,"PC(20:1(11Z)/20:1(11Z))",CHEBI:86198,C00157,0.043,0.04515,0.04085,0.043 +/- 0.00215 uM
YMDB02059,"PC(20:1(11Z)/20:2(11Z,14Z))",CHEBI:89100,C00157,0.007,0.00735,0.00665,0.007 +/- 0.00035 uM
YMDB02060,"PC(20:1(11Z)/20:3(5Z,8Z,11Z))",,C00157,0.093,0.09765,0.08835,0.093 +/- 0.00465 uM
YMDB02061,"PC(20:1(11Z)/20:3(8Z,11Z,14Z))",,C00157,0.093,0.09765,0.08835,0.093 +/- 0.00465 uM
YMDB02062,"PC(20:1(11Z)/20:4(5Z,8Z,11Z,14Z))",,C00157,0.098,0.1029,0.0931,0.098 +/- 0.0049 uM
YMDB02063,"PC(20:1(11Z)/20:4(8Z,11Z,14Z,17Z))",,C00157,0.098,0.1029,0.0931,0.098 +/- 0.0049 uM
YMDB02064,"PC(20:1(11Z)/22:0)",CHEBI:89097,C00157,0.032,0.0336,0.0304,0.032 +/- 0.0016 uM
YMDB02065,"PC(20:1(11Z)/22:1(13Z))",CHEBI:89098,C00157,0.01,0.0105,0.0095,0.01 +/- 0.0005 uM
YMDB02066,"PC(20:1(11Z)/P-16:0)",CHEBI:89094,C00157,0.762,0.8001,0.7239,0.762 +/- 0.0381 uM
YMDB02067,"PC(20:2(11Z,14Z)/14:0)",CHEBI:89095,C00157,3,3,3,3 +/- 0 uM
YMDB02068,"PC(20:2(11Z,14Z)/14:1(9Z))",CHEBI:89096,C00157,0.109,0.11445,0.10355,0.109 +/- 0.00545 uM
YMDB02069,"PC(20:2(11Z,14Z)/16:0)",CHEBI:89077,C00157,0.755,0.79275,0.71725,0.755 +/- 0.03775 uM
YMDB02070,"PC(20:2(11Z,14Z)/16:1(9Z))",,C00157,1,1,1,1 +/- 0 uM
YMDB02071,"PC(20:2(11Z,14Z)/18:1(11Z))",,C00157,0.185,0.19425,0.17575,0.185 +/- 0.00925 uM
YMDB02072,"PC(20:2(11Z,14Z)/18:1(9Z))",CHEBI:89080,C00157,0.185,0.19425,0.17575,0.185 +/- 0.00925 uM
YMDB02073,"PC(20:2(11Z,14Z)/18:2(9Z,12Z))",CHEBI:89081,C00157,2,2,2,2 +/- 0 uM
YMDB02074,"PC(20:2(11Z,14Z)/18:3(6Z,9Z,12Z))",,C00157,0.772,0.8106,0.7334,0.772 +/- 0.0386 uM
YMDB02075,"PC(20:2(11Z,14Z)/18:3(9Z,12Z,15Z))",,C00157,0.772,0.8106,0.7334,0.772 +/- 0.0386 uM
YMDB02076,"PC(20:2(11Z,14Z)/18:4(6Z,9Z,12Z,15Z))",,C00157,0.557,0.58485,0.52915,0.557 +/- 0.02785 uM
YMDB02077,"PC(20:2(11Z,14Z)/20:0)",,C00157,0.043,0.04515,0.04085,0.043 +/- 0.00215 uM
YMDB02078,"PC(20:2(11Z,14Z)/20:1(11Z))",,C00157,0.007,0.00735,0.00665,0.007 +/- 0.00035 uM
YMDB02079,"PC(20:2(11Z,14Z)/20:2(11Z,14Z))",,C00157,0.093,0.09765,0.08835,0.093 +/- 0.00465 uM
YMDB02080,"PC(20:2(11Z,14Z)/20:3(5Z,8Z,11Z))",,C00157,0.098,0.1029,0.0931,0.098 +/- 0.0049 uM
YMDB02081,"PC(20:2(11Z,14Z)/20:3(8Z,11Z,14Z))",,C00157,0.098,0.1029,0.0931,0.098 +/- 0.0049 uM
YMDB02082,"PC(20:2(11Z,14Z)/22:0)",,C00157,0.01,0.0105,0.0095,0.01 +/- 0.0005 uM
YMDB02083,"PC(20:2(11Z,14Z)/22:2(13Z,16Z))",CHEBI:89140,C00157,0.006,0.0063,0.0057,0.006 +/- 0.0003 uM
YMDB02084,"PC(20:2(11Z,14Z)/P-16:0)",CHEBI:89132,C00157,0.755,0.79275,0.71725,0.755 +/- 0.03775 uM
YMDB02085,"PC(20:2(11Z,14Z)/P-18:1(11Z))",CHEBI:89130,C00157,0.185,0.19425,0.17575,0.185 +/- 0.00925 uM
YMDB02086,"PC(20:2(11Z,14Z)/P-18:1(9Z))",CHEBI:89120,C00157,0.185,0.19425,0.17575,0.185 +/- 0.00925 uM
YMDB02087,"PC(20:3(5Z,8Z,11Z)/14:0)",CHEBI:89119,C00157,0.109,0.11445,0.10355,0.109 +/- 0.00545 uM
YMDB02088,"PC(20:3(5Z,8Z,11Z)/14:1(9Z))",CHEBI:89123,C00157,0.019,0.01995,0.01805,0.019 +/- 0.00095 uM
YMDB02089,"PC(20:3(5Z,8Z,11Z)/16:0)",CHEBI:89127,C00157,1,1,1,1 +/- 0 uM
YMDB02090,"PC(20:3(5Z,8Z,11Z)/16:1(9Z))",CHEBI:89125,C00157,1,1,1,1 +/- 0 uM
YMDB02091,"PC(20:3(5Z,8Z,11Z)/18:0)",CHEBI:89111,C00157,0.185,0.19425,0.17575,0.185 +/- 0.00925 uM
YMDB02092,"PC(20:3(5Z,8Z,11Z)/18:1(11Z))",CHEBI:89109,C00157,2,2,2,2 +/- 0 uM
YMDB02093,"PC(20:3(5Z,8Z,11Z)/18:1(9Z))",CHEBI:89115,C00157,2,2,2,2 +/- 0 uM
YMDB02094,"PC(20:3(5Z,8Z,11Z)/18:2(9Z,12Z))",CHEBI:89113,C00157,0.772,0.8106,0.7334,0.772 +/- 0.0386 uM
YMDB02095,"PC(20:3(5Z,8Z,11Z)/18:3(6Z,9Z,12Z))",CHEBI:89107,C00157,0.557,0.58485,0.52915,0.557 +/- 0.02785 uM
YMDB02096,"PC(20:3(5Z,8Z,11Z)/18:3(9Z,12Z,15Z))",CHEBI:89106,C00157,0.557,0.58485,0.52915,0.557 +/- 0.02785 uM
YMDB02097,"PC(20:3(5Z,8Z,11Z)/20:0)",CHEBI:89108,C00157,0.007,0.00735,0.00665,0.007 +/- 0.00035 uM
YMDB02098,"PC(20:3(5Z,8Z,11Z)/20:1(11Z))",,C00157,0.093,0.09765,0.08835,0.093 +/- 0.00465 uM
YMDB02099,"PC(20:3(5Z,8Z,11Z)/20:2(11Z,14Z))",,C00157,0.098,0.1029,0.0931,0.098 +/- 0.0049 uM
YMDB02100,"PC(20:3(5Z,8Z,11Z)/22:1(13Z))",CHEBI:89196,C00157,0.006,0.0063,0.0057,0.006 +/- 0.0003 uM
YMDB02101,"PC(20:3(5Z,8Z,11Z)/P-16:0)",CHEBI:89204,C00157,1,1,1,1 +/- 0 uM
YMDB02102,"PC(20:3(5Z,8Z,11Z)/P-18:0)",CHEBI:89180,C00157,0.185,0.19425,0.17575,0.185 +/- 0.00925 uM
YMDB02103,"PC(20:3(5Z,8Z,11Z)/P-18:1(11Z))",CHEBI:89181,C00157,2,2,2,2 +/- 0 uM
YMDB02104,"PC(20:3(5Z,8Z,11Z)/P-18:1(9Z))",CHEBI:89183,C00157,2,2,2,2 +/- 0 uM
YMDB02105,"PC(20:3(8Z,11Z,14Z)/14:0)",CHEBI:89184,C00157,0.109,0.11445,0.10355,0.109 +/- 0.00545 uM
YMDB02106,"PC(20:3(8Z,11Z,14Z)/14:1(9Z))",,C00157,0.019,0.01995,0.01805,0.019 +/- 0.00095 uM
YMDB02107,"PC(20:3(8Z,11Z,14Z)/16:0)",,C00157,1,1,1,1 +/- 0 uM
YMDB02108,"PC(20:3(8Z,11Z,14Z)/16:1(9Z))",CHEBI:89179,C00157,1,1,1,1 +/- 0 uM
YMDB02109,"PC(20:3(8Z,11Z,14Z)/18:0)",CHEBI:89190,C00157,0.185,0.19425,0.17575,0.185 +/- 0.00925 uM
YMDB02110,"PC(20:3(8Z,11Z,14Z)/18:1(11Z))",,C00157,2,2,2,2 +/- 0 uM
YMDB02111,"PC(20:3(8Z,11Z,14Z)/18:1(9Z))",,C00157,2,2,2,2 +/- 0 uM
YMDB02112,"PC(20:3(8Z,11Z,14Z)/18:2(9Z,12Z))",,C00157,0.772,0.8106,0.7334,0.772 +/- 0.0386 uM
YMDB02113,"PC(20:3(8Z,11Z,14Z)/18:3(6Z,9Z,12Z))",CHEBI:89290,C00157,0.557,0.58485,0.52915,0.557 +/- 0.02785 uM
YMDB02114,"PC(20:3(8Z,11Z,14Z)/18:3(9Z,12Z,15Z))",CHEBI:89289,C00157,0.557,0.58485,0.52915,0.557 +/- 0.02785 uM
YMDB02115,"PC(20:3(8Z,11Z,14Z)/20:0)",,C00157,0.007,0.00735,0.00665,0.007 +/- 0.00035 uM
YMDB02116,"PC(20:3(8Z,11Z,14Z)/20:2(11Z,14Z))",,C00157,0.098,0.1029,0.0931,0.098 +/- 0.0049 uM
YMDB02117,"PC(20:3(8Z,11Z,14Z)/22:1(13Z))",CHEBI:89294,C00157,0.006,0.0063,0.0057,0.006 +/- 0.0003 uM
YMDB02118,"PC(20:3(8Z,11Z,14Z)/P-16:0)",CHEBI:88885,C00157,1,1,1,1 +/- 0 uM
YMDB02119,"PC(20:3(8Z,11Z,14Z)/P-18:0)",CHEBI:88886,C00157,0.185,0.19425,0.17575,0.185 +/- 0.00925 uM
YMDB02120,"PC(20:3(8Z,11Z,14Z)/P-18:1(11Z))",CHEBI:88887,C00157,2,2,2,2 +/- 0 uM
YMDB02121,"PC(20:3(8Z,11Z,14Z)/P-18:1(9Z))",CHEBI:88883,C00157,2,2,2,2 +/- 0 uM
YMDB02122,"PC(20:4(5Z,8Z,11Z,14Z)/14:0)",CHEBI:88884,C00157,0.019,0.01995,0.01805,0.019 +/- 0.00095 uM
YMDB02123,"PC(20:4(5Z,8Z,11Z,14Z)/16:1(9Z))",CHEBI:88878,C00157,0.038,0.0399,0.0361,0.038 +/- 0.0019 uM
YMDB02124,"PC(20:4(5Z,8Z,11Z,14Z)/18:1(11Z))",CHEBI:88876,C00157,0.772,0.8106,0.7334,0.772 +/- 0.0386 uM
YMDB02125,"PC(20:4(5Z,8Z,11Z,14Z)/18:1(9Z))",CHEBI:88877,C00157,0.772,0.8106,0.7334,0.772 +/- 0.0386 uM
YMDB02126,"PC(20:4(5Z,8Z,11Z,14Z)/18:2(9Z,12Z))",CHEBI:86184,C00157,0.557,0.58485,0.52915,0.557 +/- 0.02785 uM
YMDB02127,"PC(20:4(5Z,8Z,11Z,14Z)/20:0)",,C00157,0.093,0.09765,0.08835,0.093 +/- 0.00465 uM
YMDB02128,"PC(20:4(5Z,8Z,11Z,14Z)/20:1(11Z))",,C00157,0.098,0.1029,0.0931,0.098 +/- 0.0049 uM
YMDB02129,"PC(20:4(5Z,8Z,11Z,14Z)/22:0)",CHEBI:88904,C00157,0.006,0.0063,0.0057,0.006 +/- 0.0003 uM
YMDB02130,"PC(20:4(5Z,8Z,11Z,14Z)/P-18:1(11Z))",CHEBI:88894,C00157,0.772,0.8106,0.7334,0.772 +/- 0.0386 uM
YMDB02131,"PC(20:4(5Z,8Z,11Z,14Z)/P-18:1(9Z))",CHEBI:88896,C00157,0.772,0.8106,0.7334,0.772 +/- 0.0386 uM
YMDB02132,"PC(20:4(8Z,11Z,14Z,17Z)/14:0)",CHEBI:88897,C00157,0.019,0.01995,0.01805,0.019 +/- 0.00095 uM
YMDB02133,"PC(20:4(8Z,11Z,14Z,17Z)/16:1(9Z))",,C00157,0.038,0.0399,0.0361,0.038 +/- 0.0019 uM
YMDB02134,"PC(20:4(8Z,11Z,14Z,17Z)/18:1(11Z))",CHEBI:88914,C00157,0.772,0.8106,0.7334,0.772 +/- 0.0386 uM
YMDB02135,"PC(20:4(8Z,11Z,14Z,17Z)/18:2(9Z,12Z))",CHEBI:88915,C00157,0.557,0.58485,0.52915,0.557 +/- 0.02785 uM
YMDB02136,"PC(20:4(8Z,11Z,14Z,17Z)/20:0)",,C00157,0.093,0.09765,0.08835,0.093 +/- 0.00465 uM
YMDB02137,"PC(20:4(8Z,11Z,14Z,17Z)/20:1(11Z))",,C00157,0.098,0.1029,0.0931,0.098 +/- 0.0049 uM
YMDB02138,"PC(20:4(8Z,11Z,14Z,17Z)/22:0)",CHEBI:88905,C00157,0.006,0.0063,0.0057,0.006 +/- 0.0003 uM
YMDB02139,"PC(20:5(5Z,8Z,11Z,14Z,17Z)/16:0)",CHEBI:88926,C00157,0.038,0.0399,0.0361,0.038 +/- 0.0019 uM
YMDB02140,"PC(20:5(5Z,8Z,11Z,14Z,17Z)/16:1(9Z))",CHEBI:88925,C00157,0.021,0.02205,0.01995,0.021 +/- 0.00105 uM
YMDB02141,"PC(20:5(5Z,8Z,11Z,14Z,17Z)/18:1(11Z))",CHEBI:88927,C00157,0.557,0.58485,0.52915,0.557 +/- 0.02785 uM
YMDB02142,"PC(20:5(5Z,8Z,11Z,14Z,17Z)/18:1(9Z))",CHEBI:86183,C00157,0.557,0.58485,0.52915,0.557 +/- 0.02785 uM
YMDB02143,"PC(20:5(5Z,8Z,11Z,14Z,17Z)/20:0)",,C00157,0.098,0.1029,0.0931,0.098 +/- 0.0049 uM
YMDB02144,"PC(20:5(5Z,8Z,11Z,14Z,17Z)/P-16:0)",CHEBI:89067,C00157,0.038,0.0399,0.0361,0.038 +/- 0.0019 uM
YMDB02145,"PC(20:5(5Z,8Z,11Z,14Z,17Z)/P-18:1(11Z))",CHEBI:89065,C00157,0.557,0.58485,0.52915,0.557 +/- 0.02785 uM
YMDB02146,"PC(20:5(5Z,8Z,11Z,14Z,17Z)/P-18:1(9Z))",CHEBI:89064,C00157,0.557,0.58485,0.52915,0.557 +/- 0.02785 uM
YMDB02147,"PC(22:0/14:1(9Z))",CHEBI:89063,C00157,0.762,0.8001,0.7239,0.762 +/- 0.0381 uM
YMDB02148,"PC(22:0/18:2(9Z,12Z))",,C00157,0.043,0.04515,0.04085,0.043 +/- 0.00215 uM
YMDB02149,"PC(22:0/18:3(6Z,9Z,12Z))",,C00157,0.007,0.00735,0.00665,0.007 +/- 0.00035 uM
YMDB02150,"PC(22:0/18:3(9Z,12Z,15Z))",,C00157,0.007,0.00735,0.00665,0.007 +/- 0.00035 uM
YMDB02151,"PC(22:0/18:4(6Z,9Z,12Z,15Z))",,C00157,0.093,0.09765,0.08835,0.093 +/- 0.00465 uM
YMDB02152,"PC(22:0/20:1(11Z))",CHEBI:86215,C00157,0.032,0.0336,0.0304,0.032 +/- 0.0016 uM
YMDB02153,"PC(22:0/20:2(11Z,14Z))",,C00157,0.01,0.0105,0.0095,0.01 +/- 0.0005 uM
YMDB02154,"PC(22:0/20:4(5Z,8Z,11Z,14Z))",CHEBI:88760,C00157,0.006,0.0063,0.0057,0.006 +/- 0.0003 uM
YMDB02155,"PC(22:0/20:4(8Z,11Z,14Z,17Z))",,C00157,0.006,0.0063,0.0057,0.006 +/- 0.0003 uM
YMDB02156,"PC(22:1(13Z)/14:0)",CHEBI:88745,C00157,0.762,0.8001,0.7239,0.762 +/- 0.0381 uM
YMDB02157,"PC(22:1(13Z)/14:1(9Z))",CHEBI:88741,C00157,0.755,0.79275,0.71725,0.755 +/- 0.03775 uM
YMDB02158,"PC(22:1(13Z)/18:1(9Z))",,C00157,0.043,0.04515,0.04085,0.043 +/- 0.00215 uM
YMDB02159,"PC(22:1(13Z)/18:2(9Z,12Z))",CHEBI:88736,C00157,0.007,0.00735,0.00665,0.007 +/- 0.00035 uM
YMDB02160,"PC(22:1(13Z)/18:3(6Z,9Z,12Z))",,C00157,0.093,0.09765,0.08835,0.093 +/- 0.00465 uM
YMDB02161,"PC(22:1(13Z)/18:3(9Z,12Z,15Z))",,C00157,0.093,0.09765,0.08835,0.093 +/- 0.00465 uM
YMDB02162,"PC(22:1(13Z)/18:4(6Z,9Z,12Z,15Z))",,C00157,0.098,0.1029,0.0931,0.098 +/- 0.0049 uM
YMDB02163,"PC(22:1(13Z)/20:0)",CHEBI:88737,C00157,0.032,0.0336,0.0304,0.032 +/- 0.0016 uM
YMDB02164,"PC(22:1(13Z)/20:1(11Z))",CHEBI:88726,C00157,0.01,0.0105,0.0095,0.01 +/- 0.0005 uM
YMDB02165,"PC(22:1(13Z)/20:3(5Z,8Z,11Z))",CHEBI:88731,C00157,0.006,0.0063,0.0057,0.006 +/- 0.0003 uM
YMDB02166,"PC(22:1(13Z)/20:3(8Z,11Z,14Z))",CHEBI:88729,C00157,0.006,0.0063,0.0057,0.006 +/- 0.0003 uM
YMDB02167,"PC(22:1(13Z)/P-18:1(11Z))",,C00157,0.043,0.04515,0.04085,0.043 +/- 0.00215 uM
YMDB02168,"PC(22:1(13Z)/P-18:1(9Z))",,C00157,0.043,0.04515,0.04085,0.043 +/- 0.00215 uM
YMDB02169,"PC(22:2(13Z,16Z)/14:0)",CHEBI:88713,C00157,0.755,0.79275,0.71725,0.755 +/- 0.03775 uM
YMDB02170,"PC(22:2(13Z,16Z)/14:1(9Z))",,C00157,1,1,1,1 +/- 0 uM
YMDB02171,"PC(22:2(13Z,16Z)/16:1(9Z))",,C00157,0.185,0.19425,0.17575,0.185 +/- 0.00925 uM
YMDB02172,"PC(22:2(13Z,16Z)/18:0)",,C00157,0.043,0.04515,0.04085,0.043 +/- 0.00215 uM
YMDB02173,"PC(22:2(13Z,16Z)/18:1(11Z))",CHEBI:88708,C00157,0.007,0.00735,0.00665,0.007 +/- 0.00035 uM
YMDB02174,"PC(22:2(13Z,16Z)/18:1(9Z))",CHEBI:88706,C00157,0.007,0.00735,0.00665,0.007 +/- 0.00035 uM
YMDB02175,"PC(22:2(13Z,16Z)/18:2(9Z,12Z))",,C00157,0.093,0.09765,0.08835,0.093 +/- 0.00465 uM
YMDB02176,"PC(22:2(13Z,16Z)/18:3(6Z,9Z,12Z))",,C00157,0.098,0.1029,0.0931,0.098 +/- 0.0049 uM
YMDB02177,"PC(22:2(13Z,16Z)/18:3(9Z,12Z,15Z))",,C00157,0.098,0.1029,0.0931,0.098 +/- 0.0049 uM
YMDB02178,"PC(22:2(13Z,16Z)/20:0)",,C00157,0.01,0.0105,0.0095,0.01 +/- 0.0005 uM
YMDB02179,"PC(22:2(13Z,16Z)/20:2(11Z,14Z))",,C00157,0.006,0.0063,0.0057,0.006 +/- 0.0003 uM
YMDB02180,"PC(22:2(13Z,16Z)/P-18:0)",,C00157,0.043,0.04515,0.04085,0.043 +/- 0.00215 uM
YMDB02181,"PC(22:2(13Z,16Z)/P-18:1(11Z))",CHEBI:88856,C00157,0.007,0.00735,0.00665,0.007 +/- 0.00035 uM
YMDB02182,"PC(22:2(13Z,16Z)/P-18:1(9Z))",CHEBI:88855,C00157,0.007,0.00735,0.00665,0.007 +/- 0.00035 uM
YMDB02183,"PC(22:4(7Z,10Z,13Z,16Z)/14:1(9Z))",CHEBI:88862,C00157,0.038,0.0399,0.0361,0.038 +/- 0.0019 uM
YMDB02184,"PC(22:4(7Z,10Z,13Z,16Z)/18:0)",CHEBI:86200,C00157,0.093,0.09765,0.08835,0.093 +/- 0.00465 uM
YMDB02185,"PC(22:4(7Z,10Z,13Z,16Z)/18:1(11Z))",,C00157,0.098,0.1029,0.0931,0.098 +/- 0.0049 uM
YMDB02186,"PC(22:4(7Z,10Z,13Z,16Z)/18:1(9Z))",,C00157,0.098,0.1029,0.0931,0.098 +/- 0.0049 uM
YMDB02187,"PC(22:4(7Z,10Z,13Z,16Z)/20:0)",CHEBI:88869,C00157,0.006,0.0063,0.0057,0.006 +/- 0.0003 uM
YMDB02188,"PC(22:4(7Z,10Z,13Z,16Z)/P-18:0)",,C00157,0.093,0.09765,0.08835,0.093 +/- 0.00465 uM
YMDB02189,"PC(22:4(7Z,10Z,13Z,16Z)/P-18:1(11Z))",,C00157,0.098,0.1029,0.0931,0.098 +/- 0.0049 uM
YMDB02190,"PC(22:5(4Z,7Z,10Z,13Z,16Z)/14:0)",CHEBI:88843,C00157,0.038,0.0399,0.0361,0.038 +/- 0.0019 uM
YMDB02191,"PC(22:5(4Z,7Z,10Z,13Z,16Z)/14:1(9Z))",,C00157,0.021,0.02205,0.01995,0.021 +/- 0.00105 uM
YMDB02192,"PC(22:5(7Z,10Z,13Z,16Z,19Z)/14:0)",CHEBI:88436,C00157,0.038,0.0399,0.0361,0.038 +/- 0.0019 uM
YMDB02193,"PC(22:5(7Z,10Z,13Z,16Z,19Z)/14:1(9Z))",CHEBI:88430,C00157,0.021,0.02205,0.01995,0.021 +/- 0.00105 uM
YMDB02194,"PC(22:6(4Z,7Z,10Z,13Z,16Z,19Z)/14:0)",,C00157,0.021,0.02205,0.01995,0.021 +/- 0.00105 uM
YMDB02195,"PC(24:0/18:1(11Z))",CHEBI:88576,C00157,0.032,0.0336,0.0304,0.032 +/- 0.0016 uM
YMDB02196,"PC(24:0/18:1(9Z))",CHEBI:86213,C00157,0.032,0.0336,0.0304,0.032 +/- 0.0016 uM
YMDB02197,"PC(24:0/18:2(9Z,12Z))",CHEBI:88588,C00157,0.01,0.0105,0.0095,0.01 +/- 0.0005 uM
YMDB02198,"PC(24:0/18:4(6Z,9Z,12Z,15Z))",CHEBI:88587,C00157,0.006,0.0063,0.0057,0.006 +/- 0.0003 uM
YMDB02199,"PC(24:0/P-18:1(11Z))",CHEBI:89495,C00157,0.032,0.0336,0.0304,0.032 +/- 0.0016 uM
YMDB02200,"PC(24:0/P-18:1(9Z))",CHEBI:89496,C00157,0.032,0.0336,0.0304,0.032 +/- 0.0016 uM
YMDB02201,"PC(24:1(15Z)/16:1(9Z))",,C00157,0.043,0.04515,0.04085,0.043 +/- 0.00215 uM
YMDB02202,"PC(24:1(15Z)/18:0)",,C00157,0.032,0.0336,0.0304,0.032 +/- 0.0016 uM
YMDB02203,"PC(24:1(15Z)/18:1(11Z))",,C00157,0.01,0.0105,0.0095,0.01 +/- 0.0005 uM
YMDB02204,"PC(24:1(15Z)/18:1(9Z))",,C00157,0.01,0.0105,0.0095,0.01 +/- 0.0005 uM
YMDB02205,"PC(24:1(15Z)/18:3(6Z,9Z,12Z))",,C00157,0.006,0.0063,0.0057,0.006 +/- 0.0003 uM
YMDB02206,"PC(24:1(15Z)/18:3(9Z,12Z,15Z))",,C00157,0.006,0.0063,0.0057,0.006 +/- 0.0003 uM
YMDB02207,"PC(24:1(15Z)/P-18:0)",CHEBI:89426,C00157,0.032,0.0336,0.0304,0.032 +/- 0.0016 uM
YMDB02208,"PC(24:1(15Z)/P-18:1(11Z))",CHEBI:89427,C00157,0.01,0.0105,0.0095,0.01 +/- 0.0005 uM
YMDB02209,"PC(24:1(15Z)/P-18:1(9Z))",CHEBI:89367,C00157,0.01,0.0105,0.0095,0.01 +/- 0.0005 uM
YMDB02210,"LysoPC(16:1(9Z))",CHEBI:73851,C04230,352750.147666667,721825,0.42085,0.443 +/- 0.02215 uM; 664000 +/- 57825 umol/L; 394250 +/- 7875 umol/L
YMDB02211,"LysoPC(18:1(11Z))",CHEBI:86255,C04230,107583.377333333,347225,0.1254,0.132 +/- 0.0066 uM; 319250 +/- 27975 umol/L; 3500 +/- 650 umol/L
YMDB02212,"LysoPC(18:2(9Z,12Z))",CHEBI:28733,C04230,0.137,0.14385,0.13015,0.137 +/- 0.00685 uM
YMDB02213,"LysoPC(20:4(5Z,8Z,11Z,14Z))",CHEBI:74344,C04230,0.033,0.03465,0.03135,0.033 +/- 0.00165 uM
YMDB02214,"LysoPC(20:4(8Z,11Z,14Z,17Z))",CHEBI:86259,C04230,0.033,0.03465,0.03135,0.033 +/- 0.00165 uM
YMDB02215,"PC(O-16:0/18:2(9Z,12Z))",,,0.033,0.03465,0.03135,0.033 +/- 0.00165 uM
YMDB02216,"PC(P-16:0/18:4(6Z,9Z,12Z,15Z))",CHEBI:89980,,0.109,0.11445,0.10355,0.109 +/- 0.00545 uM
YMDB02217,"PC(20:3(8Z,11Z,14Z)/20:1(11Z))",,,0.093,0.09765,0.08835,0.093 +/- 0.00465 uM
YMDB02218,"PC(22:1(13Z)/18:1(11Z))",,,0.043,0.04515,0.04085,0.043 +/- 0.00215 uM
YMDB02219,"PC(P-16:0/16:0)",,,0.067,0.07035,0.06365,0.067 +/- 0.00335 uM
YMDB02220,"PC(P-16:0/16:1(9Z))",,,0.098,0.1029,0.0931,0.098 +/- 0.0049 uM
YMDB02221,"PC(P-16:0/18:1(11Z))",,,1,1,1,1 +/- 0 uM
YMDB02222,"PC(P-16:0/18:1(9Z))",,,1,1,1,1 +/- 0 uM
YMDB02223,"PC(P-16:0/18:2(9Z,12Z))",,,3,3,3,3 +/- 0 uM
YMDB02224,"PC(P-16:0/18:3(6Z,9Z,12Z))",,,0.109,0.11445,0.10355,0.109 +/- 0.00545 uM
YMDB02225,"PC(P-16:0/18:3(9Z,12Z,15Z))",,,0.109,0.11445,0.10355,0.109 +/- 0.00545 uM
YMDB02226,"PC(P-16:0/20:1(11Z))",,,0.762,0.8001,0.7239,0.762 +/- 0.0381 uM
YMDB02227,"PC(P-16:0/20:2(11Z,14Z))",,,0.755,0.79275,0.71725,0.755 +/- 0.03775 uM
YMDB02228,"PC(P-16:0/20:3(5Z,8Z,11Z))",CHEBI:89977,,1,1,1,1 +/- 0 uM
YMDB02229,"PC(P-18:0/14:0)",,,0.067,0.07035,0.06365,0.067 +/- 0.00335 uM
YMDB02230,"PC(P-18:0/14:1(9Z))",,,0.098,0.1029,0.0931,0.098 +/- 0.0049 uM
YMDB02231,"PC(P-18:0/16:1(9Z))",,,1,1,1,1 +/- 0 uM
YMDB02232,"PC(P-18:0/18:1(11Z))",,,0.762,0.8001,0.7239,0.762 +/- 0.0381 uM
YMDB02233,"PC(P-18:0/18:1(9Z))",,,0.762,0.8001,0.7239,0.762 +/- 0.0381 uM
YMDB02234,"PC(P-18:0/18:2(9Z,12Z))",,,0.755,0.79275,0.71725,0.755 +/- 0.03775 uM
YMDB02235,"PC(P-18:0/20:3(5Z,8Z,11Z))",,,0.185,0.19425,0.17575,0.185 +/- 0.00925 uM
YMDB02236,"PC(P-18:0/20:3(8Z,11Z,14Z))",,,0.185,0.19425,0.17575,0.185 +/- 0.00925 uM
YMDB02237,"PC(P-18:0/22:2(13Z,16Z))",,,0.043,0.04515,0.04085,0.043 +/- 0.00215 uM
YMDB02238,"PC(P-18:0/22:4(7Z,10Z,13Z,16Z))",,,0.093,0.09765,0.08835,0.093 +/- 0.00465 uM
YMDB02239,"PC(P-18:0/24:1(15Z))",,,0.032,0.0336,0.0304,0.032 +/- 0.0016 uM
YMDB02240,"PC(P-18:1(11Z)/14:0)",,,0.098,0.1029,0.0931,0.098 +/- 0.0049 uM
YMDB02241,"PC(P-18:1(11Z)/16:0)",CHEBI:89940,,1,1,1,1 +/- 0 uM
YMDB02242,"PC(P-18:1(11Z)/16:1(9Z))",,,3,3,3,3 +/- 0 uM
YMDB02243,"PC(P-18:1(11Z)/18:0)",,,0.762,0.8001,0.7239,0.762 +/- 0.0381 uM
YMDB02244,"PC(P-18:1(11Z)/18:1(11Z))",,,0.755,0.79275,0.71725,0.755 +/- 0.03775 uM
YMDB02245,"PC(P-18:1(11Z)/20:2(11Z,14Z))",,,0.185,0.19425,0.17575,0.185 +/- 0.00925 uM
YMDB02246,"PC(P-18:1(11Z)/22:1(13Z))",,,0.043,0.04515,0.04085,0.043 +/- 0.00215 uM
YMDB02247,"PC(P-18:1(11Z)/22:2(13Z,16Z))",CHEBI:89914,,0.007,0.00735,0.00665,0.007 +/- 0.00035 uM
YMDB02248,"PC(P-18:1(11Z)/24:0)",,,0.032,0.0336,0.0304,0.032 +/- 0.0016 uM
YMDB02249,"PC(P-18:1(11Z)/24:1(15Z))",,,0.01,0.0105,0.0095,0.01 +/- 0.0005 uM
YMDB02250,"PC(P-18:1(9Z)/14:0)",CHEBI:89508,,0.098,0.1029,0.0931,0.098 +/- 0.0049 uM
YMDB02251,"PC(P-18:1(9Z)/16:0)",,,1,1,1,1 +/- 0 uM
YMDB02252,"PC(P-18:1(9Z)/16:1(9Z))",,,3,3,3,3 +/- 0 uM
YMDB02253,"PC(P-18:1(9Z)/18:0)",,,0.762,0.8001,0.7239,0.762 +/- 0.0381 uM
YMDB02254,"PC(P-18:1(9Z)/22:1(13Z))",,,0.043,0.04515,0.04085,0.043 +/- 0.00215 uM
YMDB02255,"PC(P-18:1(9Z)/22:2(13Z,16Z))",,,0.007,0.00735,0.00665,0.007 +/- 0.00035 uM
YMDB02256,"PC(P-18:1(9Z)/24:0)",,,0.032,0.0336,0.0304,0.032 +/- 0.0016 uM
YMDB02257,"PC(P-18:1(9Z)/24:1(15Z))",,,0.01,0.0105,0.0095,0.01 +/- 0.0005 uM
YMDB02258,"PC(o-16:0/16:1(9Z))",,,0.02,0.021,0.019,0.02 +/- 0.001 uM
YMDB02259,"PC(o-16:0/18:0)",,,0.025,0.02625,0.02375,0.025 +/- 0.00125 uM
YMDB02260,"PC(o-16:0/20:0)",,,0.255,0.26775,0.24225,0.255 +/- 0.01275 uM
YMDB02261,"PC(o-16:0/20:4(8Z,11Z,14Z,17Z))",,,0.038,0.0399,0.0361,0.038 +/- 0.0019 uM
YMDB02262,"PC(o-16:0/22:6(4Z,7Z,10Z,13Z,16Z,19Z))",,,0.051,0.05355,0.04845,0.051 +/- 0.00255 uM
YMDB02263,"PC(o-16:1(9Z)/18:0)",,,0.038,0.0399,0.0361,0.038 +/- 0.0019 uM
YMDB02264,"PC(o-16:1(9Z)/18:2(9Z,12Z))",,,0.024,0.0252,0.0228,0.024 +/- 0.0012 uM
YMDB02265,"PC(o-16:1(9Z)/20:0)",,,0.087,0.09135,0.08265,0.087 +/- 0.00435 uM
YMDB02266,"PC(o-16:1(9Z)/20:4(8Z,11Z,14Z,17Z))",,,0.048,0.0504,0.0456,0.048 +/- 0.0024 uM
YMDB02267,"PC(o-16:1(9Z)/22:0)",,,0.068,0.0714,0.0646,0.068 +/- 0.0034 uM
YMDB02268,"PC(o-18:0/18:0)",,,0.255,0.26775,0.24225,0.255 +/- 0.01275 uM
YMDB02269,"PC(o-18:0/18:2(9Z,12Z))",,,0.087,0.09135,0.08265,0.087 +/- 0.00435 uM
YMDB02270,"PC(o-18:0/20:4(8Z,11Z,14Z,17Z))",,,0.156,0.1638,0.1482,0.156 +/- 0.0078 uM
YMDB02271,"PC(o-18:0/22:6(4Z,7Z,10Z,13Z,16Z,19Z))",,,0.045,0.04725,0.04275,0.045 +/- 0.00225 uM
YMDB02272,"PC(o-18:1(11Z)/16:0)",,,0.038,0.0399,0.0361,0.038 +/- 0.0019 uM
YMDB02273,"PC(o-18:1(11Z)/18:2(9Z,12Z))",,,0.044,0.0462,0.0418,0.044 +/- 0.0022 uM
YMDB02274,"PC(o-18:1(9Z)/16:0)",,,0.038,0.0399,0.0361,0.038 +/- 0.0019 uM
YMDB02275,"PC(o-18:1(9Z)/18:1(11Z))",,,0.087,0.09135,0.08265,0.087 +/- 0.00435 uM
YMDB02276,"PC(o-18:1(9Z)/18:2(9Z,12Z))",,,0.044,0.0462,0.0418,0.044 +/- 0.0022 uM
YMDB02277,"PC(o-18:1(9Z)/20:0)",,,0.068,0.0714,0.0646,0.068 +/- 0.0034 uM
YMDB02278,"PC(o-18:1(9Z)/20:1(11Z))",,,0.05,0.0525,0.0475,0.05 +/- 0.0025 uM
YMDB02279,"PC(o-18:1(9Z)/20:4(8Z,11Z,14Z,17Z))",,,0.153,0.16065,0.14535,0.153 +/- 0.00765 uM
YMDB02280,"PC(o-18:1(9Z)/22:0)",,,0.084,0.0882,0.0798,0.084 +/- 0.0042 uM
YMDB02281,"PC(o-18:1(9Z)/24:0)",,,0.072,0.0756,0.0684,0.072 +/- 0.0036 uM
YMDB02282,"PC(o-18:2(9Z,12Z)/18:2(9Z,12Z))",,,0.038,0.0399,0.0361,0.038 +/- 0.0019 uM
YMDB02283,"PC(o-18:2(9Z,12Z)/20:0)",,,0.05,0.0525,0.0475,0.05 +/- 0.0025 uM
YMDB02284,"PC(o-18:2(9Z,12Z)/22:0)",,,0.064,0.0672,0.0608,0.064 +/- 0.0032 uM
YMDB02285,"PC(o-18:2(9Z,12Z)/24:0)",,,0.028,0.0294,0.0266,0.028 +/- 0.0014 uM
YMDB02286,"PC(o-20:0/18:3(9Z,12Z,15Z))",,,0.093,0.09765,0.08835,0.093 +/- 0.00465 uM
YMDB02287,"PC(o-20:0/20:4(8Z,11Z,14Z,17Z))",,,0.116,0.1218,0.1102,0.116 +/- 0.0058 uM
YMDB02288,"PC(o-20:1(11Z)/20:4(8Z,11Z,14Z,17Z))",,,0.044,0.0462,0.0418,0.044 +/- 0.0022 uM
YMDB02289,"PC(o-22:0/18:3(9Z,12Z,15Z))",,,0.064,0.0672,0.0608,0.064 +/- 0.0032 uM
YMDB02290,"PC(o-22:0/20:1(11Z))",,,0.072,0.0756,0.0684,0.072 +/- 0.0036 uM
YMDB02291,"PC(o-22:0/22:3(10Z,13Z,16Z))",,,0.008,0.0084,0.0076,0.008 +/- 0.0004 uM
YMDB02292,"PC(o-22:1(13Z)/22:2(13Z,16Z))",,,0.008,0.0084,0.0076,0.008 +/- 0.0004 uM
YMDB02293,"PC(o-22:1(13Z)/22:3(10Z,13Z,16Z))",,,0.01,0.0105,0.0095,0.01 +/- 0.0005 uM
YMDB02294,"PC(o-22:2(13Z,16Z)/22:2(13Z,16Z))",,,0.01,0.0105,0.0095,0.01 +/- 0.0005 uM
YMDB02295,"PC(o-22:2(13Z,16Z)/22:3(10Z,13Z,16Z))",,,0.064,0.0672,0.0608,0.064 +/- 0.0032 uM
YMDB02296,"PC(o-24:0/18:3(6Z,9Z,12Z))",,,0.028,0.0294,0.0266,0.028 +/- 0.0014 uM
YMDB02297,"PC(o-24:0/18:3(9Z,12Z,15Z))",,,0.028,0.0294,0.0266,0.028 +/- 0.0014 uM
YMDB02298,"PC(o-24:0/20:4(8Z,11Z,14Z,17Z))",,,0.01,0.0105,0.0095,0.01 +/- 0.0005 uM
YMDB10877,"CL(16:0/16:0/16:1(9Z)/18:1(11Z))",,,79250,103650,51900,102500 +/- 1150 umol/L; 56000 +/- 4100 umol/L
YMDB10878,"CL(16:0/16:0/16:1(9Z)/18:1(9Z))",,,79250,103650,51900,102500 +/- 1150 umol/L; 56000 +/- 4100 umol/L
YMDB10941,"CL(16:0/16:1(11Z)/18:0/18:1(11Z))",,,10750,17000,-3000,14500 +/- 1800 umol/L; 7000 +/- 10000 umol/L
YMDB10942,"CL(16:0/16:1(11Z)/18:0/18:1(9Z))",,,10750,17000,-3000,14500 +/- 1800 umol/L; 7000 +/- 10000 umol/L
YMDB11046,"CL(16:0/18:0/18:1(9Z)/18:1(11Z))",,,92000,103775,77125,99750 +/- 4025 umol/L; 84250 +/- 7125 umol/L
YMDB11047,"CL(16:0/18:0/18:1(9Z)/18:1(9Z))",,,92000,103775,77125,99750 +/- 4025 umol/L; 84250 +/- 7125 umol/L
YMDB11080,"CL(16:1(11Z)/16:1(11Z)/16:1(11Z)/16:1(11Z))",,,69375,85275,55375,77500 +/- 7775 umol/L; 61250 +/- 5875 umol/L
YMDB11081,"CL(16:1(11Z)/16:1(11Z)/16:1(11Z)/16:1(9Z))",,,69375,85275,55375,77500 +/- 7775 umol/L; 61250 +/- 5875 umol/L
YMDB11083,"CL(16:1(11Z)/16:1(11Z)/16:1(11Z)/18:1(11Z))",,,212000,296650,138025,163500 +/- 25475 umol/L; 260500 +/- 36150 umol/L
YMDB11084,"CL(16:1(11Z)/16:1(11Z)/16:1(11Z)/18:1(9Z))",,,212000,296650,138025,163500 +/- 25475 umol/L; 260500 +/- 36150 umol/L
YMDB11202,"CL(16:1(11Z)/18:1(11Z)/18:1(11Z)/18:1(11Z))",,,132250,265675,36975,44750 +/- 7775 umol/L; 219750 +/- 45925 umol/L
YMDB11203,"CL(16:1(11Z)/18:1(11Z)/18:1(11Z)/18:1(9Z))",,,132250,265675,36975,44750 +/- 7775 umol/L; 219750 +/- 45925 umol/L
YMDB11397,"CL(18:0/18:1(11Z)/18:1(11Z)/18:1(11Z))",,,1250,2950,-450,1250 +/- 1700 umol/L
YMDB11398,"CL(18:0/18:1(11Z)/18:1(11Z)/18:1(9Z))",,,1250,2950,-450,1250 +/- 1700 umol/L
YMDB11399,"CL(18:0/18:1(11Z)/18:1(9Z)/18:1(11Z))",,,1250,2950,-450,1250 +/- 1700 umol/L
YMDB11400,"CL(18:0/18:1(11Z)/18:1(9Z)/18:1(9Z))",,,1250,2950,-450,1250 +/- 1700 umol/L
YMDB11419,"CL(18:1(9Z)/18:1(9Z)/18:1(11Z)/18:1(11Z))",,,26000,31475,20525,26000 +/- 5475 umol/L
YMDB11420,"CL(18:1(9Z)/18:1(9Z)/18:1(11Z)/18:1(9Z))",,,26000,31475,20525,26000 +/- 5475 umol/L
YMDB11421,"CL(18:1(9Z)/18:1(9Z)/18:1(9Z)/18:1(11Z))",,,26000,31475,20525,26000 +/- 5475 umol/L
YMDB11422,"CL(18:1(9Z)/18:1(9Z)/18:1(9Z)/18:1(9Z))",CHEBI:60356,,26000,31475,20525,26000 +/- 5475 umol/L
YMDB12715,"DG(12:0/16:1(11Z)/0:0)",,,23500,24000,23000,23500 +/- 500 umol/L
YMDB12743,"DG(14:0/16:1(11Z)/0:0)",,,89000,96575,81425,89000 +/- 7575 umol/L
YMDB12916,"DG(16:0/16:1(11Z)/0:0)",,,423125,526850,343950,492250 +/- 34600 umol/L; 354000 +/- 10050 umol/L
YMDB12918,"DG(16:0/18:1(11Z)/0:0)",,,502625,585800,423600,447000 +/- 23400 umol/L; 558250 +/- 27550 umol/L
YMDB12944,"DG(16:1(11Z)/16:1(11Z)/0:0)",,,405000,620575,242175,563250 +/- 57325 umol/L; 246750 +/- 4575 umol/L
YMDB12945,"DG(16:1(11Z)/16:1(9Z)/0:0)",,,405000,620575,242175,563250 +/- 57325 umol/L; 246750 +/- 4575 umol/L
YMDB12947,"DG(16:1(11Z)/18:1(11Z)/0:0)",,,479375,585350,393250,540000 +/- 45350 umol/L; 418750 +/- 25500 umol/L
YMDB12948,"DG(16:1(11Z)/18:1(9Z)/0:0)",,,479375,585350,393250,540000 +/- 45350 umol/L; 418750 +/- 25500 umol/L
YMDB13003,"DG(18:0/18:1(11Z)/0:0)",,,126750,176550,86125,99500 +/- 13375 umol/L; 154000 +/- 22550 umol/L
YMDB13029,"DG(18:1(11Z)/18:1(11Z)/0:0)",,,12500,16100,7400,13250 +/- 450 umol/L; 11750 +/- 4350 umol/L
YMDB13030,"DG(18:1(11Z)/18:1(9Z)/0:0)",,,12500,16100,7400,13250 +/- 450 umol/L; 11750 +/- 4350 umol/L
YMDB13282,"LPA(16:1(9Z)/0:0)",,,146125,199675,125325,162500 +/- 37175 umol/L; 129750 +/- 3775 umol/L
YMDB13283,"LPA(16:1(11Z)/0:0)",,,146125,199675,125325,162500 +/- 37175 umol/L; 129750 +/- 3775 umol/L
YMDB13284,"LPA(18:1(9Z)/0:0)",,,81250,119575,31100,51000 +/- 19900 umol/L; 111500 +/- 8075 umol/L
YMDB13285,"LPA(18:1(11Z)/0:0)",,,81250,119575,31100,51000 +/- 19900 umol/L; 111500 +/- 8075 umol/L
YMDB13312,"Lyso-PC(16:0/0:0)",,,58750,92575,23800,25250 +/- 1450 umol/L; 92250 +/- 325 umol/L
YMDB13314,"Lyso-PC(16:1(11Z)/0:0)",,,529125,721825,386375,664000 +/- 57825 umol/L; 394250 +/- 7875 umol/L
YMDB13321,"Lyso-PE(16:0/0:0)",,,177500,364325,3775,7000 +/- 3225 umol/L; 348000 +/- 16325 umol/L
YMDB13322,"Lyso-PE(16:1(9Z)/0:0)",,,269125,517200,89025,443250 +/- 73950 umol/L; 95000 +/- 5975 umol/L
YMDB13323,"Lyso-PE(16:1(11Z)/0:0)",,,269125,517200,89025,443250 +/- 73950 umol/L; 95000 +/- 5975 umol/L
YMDB13325,"Lyso-PE(18:1(9Z)/0:0)",,,263125,456200,152825,353750 +/- 102450 umol/L; 172500 +/- 19675 umol/L
YMDB13339,"Lyso-PI(16:0/0:0)",,,64125,82975,46225,50250 +/- 4025 umol/L; 78000 +/- 4975 umol/L
YMDB13340,"Lyso-PI(16:1(9Z)/0:0)",,,100000,103075,96450,102000 +/- 1075 umol/L; 98000 +/- 1550 umol/L
YMDB13341,"Lyso-PI(16:1(11Z)/0:0)",,,100000,103075,96450,102000 +/- 1075 umol/L; 98000 +/- 1550 umol/L
YMDB13342,"Lyso-PI(18:0/0:0)",,,19000,26050,12675,14250 +/- 1575 umol/L; 23750 +/- 2300 umol/L
YMDB13343,"Lyso-PI(18:1(9Z)/0:0)",,,112750,149650,71000,77750 +/- 6750 umol/L; 147750 +/- 1900 umol/L
YMDB13361,"Lyso-PS(18:1(9Z)/0:0)",,,5000,7375,2625,5000 +/- 2375 umol/L
YMDB13441,"PA(14:0/16:1(11Z))",,,100750,162325,47250,152250 +/- 10075 umol/L; 49250 +/- 2000 umol/L
YMDB13447,"PA(12:0/16:1(11Z))",,,89750,159650,35100,143500 +/- 16150 umol/L; 36000 +/- 900 umol/L
YMDB13478,"PA(16:1(11Z)/16:1(9Z))",,,1197000,1828475,808850,1568250 +/- 260225 umol/L; 825750 +/- 16900 umol/L
YMDB13479,"PA(16:1(11Z)/16:1(11Z))",,,1197000,1828475,808850,1568250 +/- 260225 umol/L; 825750 +/- 16900 umol/L
YMDB13482,"PA(16:0/16:1(11Z))",,,772500,851900,726675,753250 +/- 26575 umol/L; 791750 +/- 60150 umol/L
YMDB13508,"PA(16:1(11Z)/18:1(9Z))",,,1988125,2108050,1864200,1974750 +/- 110550 umol/L; 2001500 +/- 106550 umol/L
YMDB13509,"PA(16:1(11Z)/18:1(11Z))",,,1988125,2108050,1864200,1974750 +/- 110550 umol/L; 2001500 +/- 106550 umol/L
YMDB13519,"PA(16:0/18:1(11Z))",CHEBI:89530,C00416,603125,768600,442850,491500 +/- 48650 umol/L; 714750 +/- 53850 umol/L
YMDB13546,"PA(18:1(11Z)/18:1(9Z))",CHEBI:89527,,159125,203375,110950,130500 +/- 19550 umol/L; 187750 +/- 15625 umol/L
YMDB13547,"PA(18:1(11Z)/18:1(11Z))",CHEBI:89528,C00416,159125,203375,110950,130500 +/- 19550 umol/L; 187750 +/- 15625 umol/L
YMDB13548,"PA(18:0/18:1(11Z))",,,53625,78075,29375,36750 +/- 7375 umol/L; 70500 +/- 7575 umol/L
YMDB13584,"PC(10:0/16:1(11Z))",,,111750,157475,76200,139750 +/- 17725 umol/L; 83750 +/- 7550 umol/L
YMDB13589,"PC(14:0/16:1(11Z))",,,289500,330375,253500,322250 +/- 8125 umol/L; 256750 +/- 3250 umol/L
YMDB13596,"PC(12:0/16:1(11Z))",,,225375,247025,194900,245250 +/- 1775 umol/L; 205500 +/- 10600 umol/L
YMDB13605,"PC(14:1(9Z)/16:1(11Z))",,,98875,176725,22075,175250 +/- 1475 umol/L; 22500 +/- 425 umol/L
YMDB13625,"PC(16:1(11Z)/16:1(9Z))",,,3180250,3825800,2579025,3718750 +/- 107050 umol/L; 2641750 +/- 62725 umol/L
YMDB13626,"PC(16:1(11Z)/16:1(11Z))",,,3180250,3825800,2579025,3718750 +/- 107050 umol/L; 2641750 +/- 62725 umol/L
YMDB13629,"PC(16:0/16:1(11Z))",,,1509125,2109425,845125,922500 +/- 77375 umol/L; 2095750 +/- 13675 umol/L
YMDB13650,"PC(16:1(11Z)/18:1(9Z))",,,3279875,3561225,2931300,3011500 +/- 80200 umol/L; 3548250 +/- 12975 umol/L
YMDB13651,"PC(16:1(11Z)/18:1(11Z))",,,3279875,3561225,2931300,3011500 +/- 80200 umol/L; 3548250 +/- 12975 umol/L
YMDB14043,"PE(14:0/16:1(11Z))",,,185250,186625,183875,185250 +/- 1375 umol/L
YMDB14049,"PE(12:0/16:1(11Z))",,,197750,394850,-16950,354500 +/- 40350 umol/L; 41000 +/- 57950 umol/L
YMDB14080,"PE(16:1(11Z)/16:1(9Z))",,,3039750,4854375,1630875,4299500 +/- 554875 umol/L; 1780000 +/- 149125 umol/L
YMDB14081,"PE(16:1(11Z)/16:1(11Z))",,,3039750,4854375,1630875,4299500 +/- 554875 umol/L; 1780000 +/- 149125 umol/L
YMDB14084,"PE(16:0/16:1(11Z))",,,415250,476325,322250,472000 +/- 4325 umol/L; 358500 +/- 36250 umol/L
YMDB14109,"PE(16:1(9Z)/18:1(11Z))",,,3005750,4005950,1777875,3758500 +/- 247450 umol/L; 2253000 +/- 475125 umol/L
YMDB14121,"PE(16:0/18:1(11Z))",CHEBI:84833,,233625,306525,93925,282500 +/- 24025 umol/L; 184750 +/- 90825 umol/L
YMDB14148,"PE(18:1(11Z)/18:1(9Z))",,,180250,239650,46575,235250 +/- 4400 umol/L; 125250 +/- 78675 umol/L
YMDB14149,"PE(18:1(11Z)/18:1(11Z))",,,180250,239650,46575,235250 +/- 4400 umol/L; 125250 +/- 78675 umol/L
YMDB14942,"PG(16:0/16:1(11Z))",,,10000,16975,-2975,13000 +/- 1025 umol/L; 7000 +/- 9975 umol/L
YMDB14944,"PG(16:0/18:1(11Z))",CHEBI:44946,,5750,13875,-2375,5750 +/- 8125 umol/L
YMDB14970,"PG(16:1(11Z)/16:1(11Z))",,,14500,18550,9950,14750 +/- 2150 umol/L; 14250 +/- 4300 umol/L
YMDB14971,"PG(16:1(11Z)/16:1(9Z))",,,14500,18550,9950,14750 +/- 2150 umol/L; 14250 +/- 4300 umol/L
YMDB14973,"PG(16:1(11Z)/18:1(11Z))",,,9000,9600,8400,9000 +/- 600 umol/L
YMDB14974,"PG(16:1(11Z)/18:1(9Z))",,,9000,9600,8400,9000 +/- 600 umol/L
YMDB15000,"PG(16:1(9Z)/16:1(11Z))",,,14250,18550,9950,14250 +/- 4300 umol/L
YMDB15305,"PI(10:0/16:1(11Z))",,,66000,68975,63025,66000 +/- 2975 umol/L
YMDB15327,"PI(12:0/16:1(11Z))",,,98750,166325,39175,154000 +/- 12325 umol/L; 43500 +/- 4325 umol/L
YMDB15339,"PI(14:0/14:1(11Z))",,,17250,20725,13775,17250 +/- 3475 umol/L
YMDB15343,"PI(14:0/16:1(11Z))",,,200875,310125,83225,306500 +/- 3625 umol/L; 95250 +/- 12025 umol/L
YMDB15345,"PI(14:0/18:1(11Z))",,,125375,176650,73400,171000 +/- 5650 umol/L; 79750 +/- 6350 umol/L
YMDB15355,"PI(14:1(11Z)/16:0)",,,199375,348150,54100,341500 +/- 6650 umol/L; 57250 +/- 3150 umol/L
YMDB15356,"PI(14:1(11Z)/16:1(11Z))",,,42000,45350,38650,42000 +/- 3350 umol/L
YMDB15357,"PI(14:1(11Z)/16:1(9Z))",,,42000,45350,38650,42000 +/- 3350 umol/L
YMDB15358,"PI(14:1(11Z)/18:0)",,,42375,87625,-2550,78250 +/- 9375 umol/L; 6500 +/- 9050 umol/L
YMDB15372,"PI(14:1(9Z)/16:1(11Z))",,,42000,45350,38650,42000 +/- 3350 umol/L
YMDB15413,"PI(16:0/16:1(11Z))",,,4745000,5958925,3787500,3813500 +/- 26000 umol/L; 5676500 +/- 282425 umol/L
YMDB15415,"PI(16:0/18:1(11Z))",CHEBI:88392,,4807500,7446250,2486225,2602000 +/- 115775 umol/L; 7013000 +/- 433250 umol/L
YMDB15418,"PI(16:1(11Z)/16:1(11Z))",,,727500,773450,654550,741000 +/- 16350 umol/L; 714000 +/- 59450 umol/L
YMDB15419,"PI(16:1(11Z)/16:1(9Z))",,,727500,773450,654550,741000 +/- 16350 umol/L; 714000 +/- 59450 umol/L
YMDB15421,"PI(16:1(11Z)/18:1(11Z))",,,742750,995650,505050,538250 +/- 33200 umol/L; 947250 +/- 48400 umol/L
YMDB15422,"PI(16:1(11Z)/18:1(9Z))",,,742750,995650,505050,538250 +/- 33200 umol/L; 947250 +/- 48400 umol/L
YMDB15426,"PI(16:1(9Z)/16:1(11Z))",,,727500,773450,654550,741000 +/- 16350 umol/L; 714000 +/- 59450 umol/L
YMDB15428,"PI(16:1(9Z)/18:1(11Z))",CHEBI:88563,,742750,995650,505050,538250 +/- 33200 umol/L; 947250 +/- 48400 umol/L
YMDB15433,"PI(18:0/18:1(11Z))",,,1104000,1562950,592500,646000 +/- 53500 umol/L; 1562000 +/- 950 umol/L
YMDB15436,"PI(18:1(9Z)/18:1(11Z))",CHEBI:88627,,67375,87125,36075,48500 +/- 12425 umol/L; 86250 +/- 875 umol/L
YMDB15471,"PS(12:0/16:1(11Z))",,,14125,21725,-3725,19250 +/- 1250 umol/L; 9000 +/- 12725 umol/L
YMDB15491,"PS(14:0/16:1(11Z))",,,5500,13275,-2275,5500 +/- 7775 umol/L
YMDB15564,"PS(16:0/16:1(11Z))",,,182875,213175,127650,159750 +/- 32100 umol/L; 206000 +/- 7175 umol/L
YMDB15566,"PS(16:0/18:1(11Z))",,,205500,250175,150475,163250 +/- 12775 umol/L; 247750 +/- 2425 umol/L
YMDB15569,"PS(16:1(11Z)/16:1(11Z))",,,308250,376550,251400,261250 +/- 9850 umol/L; 355250 +/- 21300 umol/L
YMDB15570,"PS(16:1(11Z)/16:1(9Z))",,,308250,376550,251400,261250 +/- 9850 umol/L; 355250 +/- 21300 umol/L
YMDB15572,"PS(16:1(11Z)/18:1(11Z))",,,799875,1095125,478025,548500 +/- 70475 umol/L; 1051250 +/- 43875 umol/L
YMDB15573,"PS(16:1(11Z)/18:1(9Z))",,,799875,1095125,478025,548500 +/- 70475 umol/L; 1051250 +/- 43875 umol/L
YMDB15585,"PS(18:1(11Z)/18:1(11Z))",,,9000,10700,7300,9000 +/- 1700 umol/L; 9000 +/- 1375 umol/L
YMDB15586,"PS(18:1(11Z)/18:1(9Z))",,,9000,10700,7300,9000 +/- 1700 umol/L; 9000 +/- 1375 umol/L
